,roll_x,pitch_y,yaw_z
0,3.141592653589793,0.0,3.141592653589793
1,3.141592653589793,0.0,3.141592653589793
2,3.141592653589793,0.0,3.141592653589793
3,3.141592653589793,0.0,3.141592653589793
4,3.141592653589793,0.0,3.141592653589793
5,3.141592653589793,0.0,3.141592653589793
6,3.141592653589793,0.0,3.141592653589793
7,3.141592653589793,0.0,3.141592653589793
8,3.141592653589793,0.0,3.141592653589793
9,2.3292860444769334,0.008738714301353312,-0.7573763899198572
10,2.3292768573196825,0.008747811950993167,-0.7573890034552024
11,2.3292788900303805,0.008763127912324808,-0.757399267904272
12,2.3286243033103293,0.008565136823332153,-0.7575413318960829
13,2.3196205702278987,0.0125719410822136,-0.7602328960627964
14,2.294952048526132,0.021180689025413812,-0.7637225853284267
15,2.264847847685816,0.03035518424376704,-0.7668679282148904
16,2.2373627639124756,0.03965166573882217,-0.7702324786492007
17,2.2066116778495886,0.048732069593885985,-0.7737376473122585
18,2.175511775131753,0.05748861216659118,-0.7777217471600946
19,2.143874304781652,0.06447413730865792,-0.7813074218943259
20,2.1261565278648926,0.06725225528320555,-0.7832971742070864
21,2.1239854590914424,0.06812875231892579,-0.7834896764109598
22,2.124145316592446,0.06835945247214736,-0.7834451940629782
23,2.124087924765239,0.06839317784577115,-0.7834020748627909
24,2.124021172956935,0.06842589159841594,-0.7833391299812187
25,2.1239502295347648,0.06845848050300907,-0.7832803571320959
26,2.1238849767308703,0.06848117288543576,-0.7832394095054196
27,2.123827477511055,0.0685012828185847,-0.7831954105916604
28,2.1237821240371906,0.06852132379018006,-0.7831586436304093
29,2.1237441856393198,0.06854687248156233,-0.7830905055300592
30,2.1237045457813464,0.06856545750370002,-0.7830711268532686
31,2.123640433121127,0.06857855929984202,-0.7830467775147065
32,2.1235950881038463,0.06858437479704049,-0.7830266339183061
33,2.1260001169616674,0.06880941481198755,-0.7844137568572416
34,2.137528296811796,0.06657058479260503,-0.7826788794848601
35,2.161979698256088,0.06090533585312574,-0.7780233807617759
36,2.1901494985566514,0.05421432723639508,-0.773476475129417
37,2.216287173270612,0.04608528878990281,-0.768481717751771
38,2.242718562006568,0.038018792734552775,-0.7642074865084932
39,2.269220490365891,0.02934942017754505,-0.759860280863058
40,2.294384805838293,0.020622818743542215,-0.7563167474418716
41,2.308548253090544,0.015744922430072306,-0.7544831351638277
42,2.3103956283399243,0.014443482000094932,-0.7542758304789682
43,2.310110135496303,0.014150365168190238,-0.7542904999544644
44,2.3101614356245825,0.014161196306428758,-0.7543316599275016
45,2.310184982101768,0.01416522326150238,-0.7543519785359026
46,2.3102056203679946,0.014139876404781981,-0.7543714509226617
47,2.3102573626250553,0.014136421339792538,-0.7544077517631487
48,2.3102626686349956,0.01411045137688105,-0.7544443511178099
49,2.3104220426557673,0.014114673800337041,-0.7544608002501222
50,2.3105244272539656,0.01412408621502137,-0.7544860289195311
51,2.31053603675622,0.014099947248557676,-0.7545044263419097
52,2.310587694491701,0.014103309769048389,-0.7545284639442554
53,2.3106210748206624,0.014090924234424262,-0.7545570452625208
54,2.309648352946821,0.01362977798513243,-0.7545661843181377
55,2.314166159832445,0.009056334944492095,-0.752729802892373
56,2.330956180957257,-0.001536633279222377,-0.7519823820439804
57,2.353119473121355,-0.014041219416915718,-0.7509191569527714
58,2.3734621019230473,-0.02749116027544085,-0.7499466364884209
59,2.3936436986892557,-0.04075284302485738,-0.7495838802302132
60,2.4152277226476957,-0.05453217243298503,-0.7497306319241023
61,2.436121063717815,-0.06794078268294768,-0.7498151176540456
62,2.4582816461023924,-0.08153274727122062,-0.7506198575694044
63,2.479613175190835,-0.09539975721525118,-0.7516309604509454
64,2.4998224886166955,-0.1095131090379684,-0.7528031824070937
65,2.519809140827814,-0.12444525850120058,-0.7545702845711633
66,2.5387143460939035,-0.1372936049511393,-0.7569657771748446
67,2.55001657004771,-0.14511816311333092,-0.7580700650028174
68,2.552772121013916,-0.14788022517345878,-0.7581851891983414
69,2.552696844644942,-0.14835016950361513,-0.7581705665718197
70,2.552880055093452,-0.14852827972395177,-0.7581226265124372
71,2.5530375105561127,-0.14865481998053576,-0.7580810372947066
72,2.553156594669843,-0.14877099346457157,-0.7580368550274981
73,2.5532315566391435,-0.1488718127103481,-0.7579971498784532
74,2.5533149887089635,-0.14898438165462657,-0.7579493961093902
75,2.553431432058193,-0.14908935653684674,-0.7579065725553144
76,2.5535591320713937,-0.14913553346270758,-0.7578884348924833
77,2.5536446733378195,-0.1491767305283529,-0.757878446867091
78,2.5537299153343582,-0.1492194528895172,-0.7578514914553539
79,2.553778578219002,-0.14939319662692419,-0.7577679765973839
80,2.5499786303244028,-0.14919531490443472,-0.7596328773804987
81,2.5422893825599653,-0.14552645761259364,-0.7605119781199356
82,2.5288643034150105,-0.13414613304418865,-0.7593607058034416
83,2.511084073001672,-0.12049994137693587,-0.7568976986981307
84,2.493703384502557,-0.1063335389011506,-0.7546263641675575
85,2.4763690644890017,-0.09176541294915275,-0.7530560969968088
86,2.4587224720467455,-0.0782777918977593,-0.7520198090820142
87,2.4397553345554663,-0.06437089815645036,-0.7507248658078554
88,2.4211762654833118,-0.05091370164390652,-0.7503313673297762
89,2.401878549553968,-0.03689745839400249,-0.7505889918140048
90,2.3829585685167602,-0.023822566369472886,-0.7511003252458543
91,2.362027439112595,-0.01011202436644365,-0.7519451260908258
92,2.3440400925331537,0.00017380720635440383,-0.7535084172652949
93,2.333482881568006,0.006147717890037763,-0.7548941483973035
94,2.3317979400177715,0.007802673888375411,-0.755218299562365
95,2.331883943660918,0.00794387641562233,-0.7552333448464369
96,2.3318288151464475,0.007986688053378987,-0.7552814842131119
97,2.3317969204638156,0.008067093161018946,-0.7553466314342686
98,2.3317413895773655,0.008123998381961428,-0.7553843157531929
99,2.3316651023542754,0.008142696220141854,-0.7554203838631103
100,2.3315645971150802,0.008220172782071211,-0.7554765929589536
101,2.33149692255217,0.008266352381158137,-0.755515220682947
102,2.331469253786684,0.008296250210545697,-0.7555457911860841
103,2.331434199691353,0.008339546654017704,-0.7555884868833472
104,2.3313918969798806,0.008372165569188184,-0.7556195170555591
105,2.3313975146939527,0.008430382848576334,-0.7556683133446892
106,2.33131223255465,0.00828618388370539,-0.7556370938522766
107,2.327345462083744,0.01017209567065036,-0.7567858666222079
108,2.309153053934496,0.016802208580898537,-0.7596312238314203
109,2.278123117275816,0.026477057895742062,-0.7631492047529924
110,2.2486004077061557,0.03525333053415336,-0.7666593867007533
111,2.218120468783341,0.04487076389442479,-0.7705275671719951
112,2.186878142077498,0.05323267630918882,-0.7744598399943049
113,2.155163515465979,0.06110619018307695,-0.7782930871012865
114,2.130768834150844,0.06538226108131173,-0.7810797854820501
115,2.123587196607992,0.06709679218138342,-0.782105068180406
116,2.123879131820248,0.06755222486740253,-0.7821172827437671
117,2.1237964034586834,0.06756387758388605,-0.7821024125509674
118,2.12371529831447,0.0675820451936624,-0.782074781615756
119,2.12361099245409,0.06759481945985213,-0.7820722721131007
120,2.123518981547564,0.06761399107479305,-0.7820424582797876
121,2.1234586830944187,0.06762509785172655,-0.7820213191573119
122,2.1234041145799214,0.06763610894091898,-0.7820017907471558
123,2.1233408269045793,0.06764408789559617,-0.7819893895112879
124,2.1232761876239525,0.0676525648872146,-0.7819798553866314
125,2.1232104988417944,0.06765976667270568,-0.7819540100419902
126,2.1231444792476,0.06766891648839612,-0.7819458724902714
127,2.1236231205230327,0.06782321084733622,-0.7826690071125616
128,2.1316988972135498,0.06681035956399417,-0.7825125272066635
129,2.1524454135551876,0.061730480774023766,-0.7785831951331658
130,2.1808425725230953,0.05521385148995206,-0.773984350614689
131,2.2073405889582305,0.04782694376865049,-0.7690743538543965
132,2.233959167899137,0.03997722086242739,-0.7647034572603456
133,2.26034730459604,0.03160211124610712,-0.760627139691593
134,2.2869010984808096,0.022434306163957807,-0.7568756585267523
135,2.3054435645364406,0.01641646671405006,-0.7543881310065474
136,2.310717400816537,0.014229087353811565,-0.7540140392858125
137,2.3103646523457435,0.01379758028111544,-0.7540103359299274
138,2.3104202069369957,0.013808167485051426,-0.7540356744488742
139,2.3104138681458344,0.01376028483726266,-0.7540688134092942
140,2.3104777844333664,0.013755476651657439,-0.7541144499380331
141,2.3105404881032543,0.013749507055818455,-0.7541520665400114
142,2.310558216013033,0.013734045516836657,-0.7541805011134495
143,2.3106286236571276,0.013726666922003528,-0.7542099621883871
144,2.310655406625504,0.013714674037122121,-0.7542364131843696
145,2.3107257179900773,0.013701724942619009,-0.754270227139116
146,2.3108167695462356,0.013706186953829969,-0.7542894499104676
147,2.3108405609592446,0.013696192571506893,-0.7543187831314391
148,2.3105157042885125,0.013563735643655761,-0.7543192937853889
149,2.311760728035556,0.010511118086413473,-0.7528854571355673
150,2.324894324328342,0.0021327606968521984,-0.7520088724707754
151,2.346234328004743,-0.010543288533491069,-0.7509189099009579
152,2.3677557131751756,-0.02366739324805378,-0.7499235327010548
153,2.388013501376349,-0.036990377572422295,-0.7494933660474548
154,2.408846765201539,-0.050695212314166405,-0.7495203488286795
155,2.429739493141176,-0.06401951580462217,-0.7497239536287633
156,2.451677728443048,-0.07756219025917432,-0.7502762442187277
157,2.4730743008719656,-0.09122787203200122,-0.751368507424338
158,2.493684958333988,-0.10550392855510782,-0.7526210720215494
159,2.5136587525517973,-0.11997322141376898,-0.7540032818544028
160,2.5334085354868106,-0.13444263974005022,-0.7565635895388982
161,2.547836056333941,-0.14351042357736277,-0.7581301853410046
162,2.5527590852673625,-0.1478143798952174,-0.7583543711544725
163,2.5527798344713855,-0.1485520749926752,-0.75833132383189
164,2.552874964318671,-0.1487295117446057,-0.7582784064379886
165,2.553005678951569,-0.1488473159522612,-0.7582432789157117
166,2.5531483829737738,-0.14896215766034437,-0.7582089351033554
167,2.553287155519962,-0.14906854519550516,-0.7581596361021559
168,2.5533831619554244,-0.14914600816242984,-0.7581358841022972
169,2.5534505270771493,-0.14923068595449784,-0.7581051690593932
170,2.55354398961023,-0.1493037792325278,-0.7580764824546741
171,2.553645649227063,-0.14935243541536924,-0.7580546574634326
172,2.553734870047034,-0.14943398518321716,-0.7580194811972992
173,2.5538076504113887,-0.14953039980631488,-0.7579900908728061
174,2.5538685391757023,-0.14958341884118687,-0.7579568642427953
175,2.5478045100755056,-0.14893555718888263,-0.760557225219987
176,2.5384378444716065,-0.14252021361058365,-0.7605104429850995
177,2.523653552783379,-0.1300767871216315,-0.7589616448108812
178,2.5049560928581904,-0.1161209931531837,-0.7563331148110337
179,2.487770017723524,-0.10131526769407939,-0.7542922459178493
180,2.470265894749265,-0.08741856956164029,-0.752663374552767
181,2.4519993504269615,-0.07351589830571426,-0.7515421201316822
182,2.4332036850051417,-0.05966945936453194,-0.7504816864301207
183,2.414386998446835,-0.04627418429282382,-0.7506185687847803
184,2.3953540671267732,-0.03239435023286763,-0.7509847358071906
185,2.3756495528106103,-0.019129697684403757,-0.7513888292761669
186,2.355228634908084,-0.005969552854852678,-0.7527590631061036
187,2.33916168018256,0.002751189859099057,-0.754205952236573
188,2.3321764607042392,0.007029960311011552,-0.755200625664498
189,2.3317859096847293,0.007650793658371402,-0.7554040087008687
190,2.331832188109677,0.007778970206755886,-0.7554579573766561
191,2.3318069550072975,0.00786337671808024,-0.7555030580362847
192,2.331730879118865,0.007916775201032955,-0.7555562094697723
193,2.331708088860608,0.007975616250379236,-0.7556034581507897
194,2.331545658958636,0.008036387767998754,-0.7556646035211831
195,2.3315065097347496,0.008142720460481145,-0.755749204481854
196,2.331470148520646,0.008199595057776676,-0.7557941945970694
197,2.33144417731903,0.008226519350531536,-0.7558264187868936
198,2.3314242006343844,0.008267006248090292,-0.7558581027671633
199,2.3314002359667896,0.008294385202349153,-0.7558858992683722
200,2.3313898752649003,0.008349860666719167,-0.755933337913615
201,2.3296766898000874,0.008608668701495459,-0.7564410920591048
202,2.315554272234518,0.014492269867674379,-0.7591991838961539
203,2.286932006744645,0.023673581099685093,-0.7625686577751011
204,2.255655603746245,0.03216564657541876,-0.7659680423031106
205,2.2264609215786084,0.04172988547601664,-0.7696182139199861
206,2.1957317320700183,0.050073940755277935,-0.7732930691276135
207,2.164307745927531,0.05830371605501594,-0.7772027083219718
208,2.1360530434630336,0.0640539957425108,-0.7805497658485309
209,2.123199466119834,0.06664825922014428,-0.7822345019312495
210,2.1228901387370427,0.06731044599474023,-0.7822794553574843
211,2.1229465881872263,0.06741170287022591,-0.7822535660111831
212,2.122907351679374,0.067423591147598,-0.7822332487328953
213,2.122865420826279,0.06743682366229908,-0.7822224847010211
214,2.1228001232125817,0.06745039537838915,-0.7822010527928135
215,2.122749080035301,0.06747356911568314,-0.7821739531856763
216,2.122657400950039,0.06747331340449358,-0.782159300996424
217,2.122606555449905,0.06748498521454671,-0.7821432570309499
218,2.1225470553833494,0.06749310256620356,-0.7821222428257244
219,2.1224767046755924,0.06750890236955898,-0.7820984387210429
220,2.122425541641776,0.06750969843776189,-0.7820810763639747
221,2.122365836876043,0.06751947895772692,-0.7820709766695862
222,2.1272520185265886,0.06730287788798917,-0.7832052700743329
223,2.1429375629878473,0.06384101871069348,-0.7804890013346072
224,2.1701251934812023,0.0574855643978871,-0.7754664361739091
225,2.197980008477856,0.05066243259591019,-0.7708403820404509
226,2.2246110450865073,0.04252414886878397,-0.7662902173010344
227,2.2511571897395983,0.03420303433472105,-0.7622039855717851
228,2.277880099443915,0.025306765233805928,-0.7581260907813537
229,2.3003545132020564,0.017946775406364912,-0.7552049087567233
230,2.310758276910854,0.014385918603690317,-0.754190202193863
231,2.3110669400223554,0.013763984500005932,-0.7541902352282011
232,2.310978957920507,0.013656185959978417,-0.7542194937655707
233,2.3109889556362058,0.013631645699815786,-0.7542583143775612
234,2.3110542384604287,0.013634425470863798,-0.754299040643162
235,2.311074723905594,0.013601099866655142,-0.7543529027092742
236,2.3111361812007423,0.013601379682022241,-0.7543927929757223
237,2.31118025928902,0.013587117125219539,-0.7544310163044142
238,2.311219340052377,0.013570342399791269,-0.7544560077009312
239,2.3112782744666247,0.013566058918762058,-0.7544828152559305
240,2.3113224443535674,0.013558438357979652,-0.7545151874569833
241,2.311380378148585,0.0135450231794767,-0.7545490702182509
242,2.3114163571981226,0.013532866463959348,-0.7545931362287225
243,2.310947125627785,0.011891047535250499,-0.7538347401651139
244,2.31998123275956,0.005575400448873946,-0.7526250734590835
245,2.3398278082086943,-0.006605985562888161,-0.7517508714467106
246,2.361668415634341,-0.019299228417143155,-0.7507841495865057
247,2.381660495199487,-0.03264364210748161,-0.7499002621248129
248,2.4025669620984784,-0.04652585074609861,-0.7499005257764431
249,2.4232271325397785,-0.05955143354140158,-0.7500383725385281
250,2.4446399388222546,-0.07291386526812516,-0.750286214863891
251,2.4662566951739566,-0.08671181966146069,-0.7512232014213898
252,2.4871602290404806,-0.1003578145142765,-0.7524599953489909
253,2.5074783508526295,-0.11495530741102034,-0.7538581909984088
254,2.5271193289664695,-0.12959550022693156,-0.7560882542438679
255,2.54456718761546,-0.14081542470862063,-0.758088831931428
256,2.5523117087787406,-0.14676992623406493,-0.7586234672624577
257,2.5530113019258662,-0.14813710588661366,-0.7586146742234976
258,2.5530806590235287,-0.14842019825359132,-0.758583139747894
259,2.5532553552642896,-0.14854151969368212,-0.7585451980524227
260,2.5533864513229374,-0.1487043876761336,-0.7584757965471767
261,2.5534497197370065,-0.14882338226461078,-0.7584433700427536
262,2.5535847716132145,-0.14890177044068587,-0.7584029677927226
263,2.553650355977885,-0.14901139876593006,-0.7583611138586648
264,2.5537380715221256,-0.14909130941526683,-0.7583297270101208
265,2.5538537871088236,-0.14915068108548657,-0.7583038065179363
266,2.553941618506891,-0.1492143202030738,-0.7582830621978672
267,2.5540115698285057,-0.14926795907525792,-0.7582673238652406
268,2.554079199036371,-0.14933138892031872,-0.7582402189484309
269,2.548119127196714,-0.14883541122773325,-0.7608187521989691
270,2.539017601160568,-0.14255933196953063,-0.7609425210323294
271,2.5240686987278993,-0.13012234986519133,-0.7592550421348797
272,2.5052886658869604,-0.11598209148342131,-0.7567322894037344
273,2.4887097960567495,-0.10189673045650016,-0.7546613309035296
274,2.471193686522493,-0.08771470199414999,-0.7531699617372679
275,2.4529514052554133,-0.07398538356035012,-0.751935101028008
276,2.4339797773634197,-0.060246758353806884,-0.7508874172599234
277,2.415174908941049,-0.04666890046324679,-0.7508900038646557
278,2.395753128000493,-0.03274221204173289,-0.7512090130244847
279,2.3764041380506535,-0.019693020369096592,-0.7515316752401492
280,2.3559233592112396,-0.0065653111056107605,-0.7527919311348164
281,2.339556270707844,0.0025190338568112924,-0.7544042450531594
282,2.332125177765445,0.00689457398661375,-0.755319137840905
283,2.33170455543396,0.007526558348494472,-0.7555255768508623
284,2.331750537615317,0.0076670904972853116,-0.7555767096811047
285,2.331705623310407,0.007745829736323762,-0.7556417731839155
286,2.331636418636477,0.007795319739501538,-0.7557078108450288
287,2.3315904015202333,0.007855181606801098,-0.7557427516741358
288,2.3314779058171107,0.007920015121486212,-0.7558076486882368
289,2.331409276729108,0.008002071985904635,-0.7558886102292439
290,2.331388141566639,0.008097000600849613,-0.7559581777082939
291,2.3313475715115914,0.008149153884579263,-0.7560045424686419
292,2.3313430879640036,0.008200433004816432,-0.7560515623309283
293,2.3313073502342547,0.008233551142381668,-0.756086826757219
294,2.3312959424243385,0.008291655735247705,-0.756142905929989
295,2.3306441023285664,0.00793836777537904,-0.75620115813243
296,2.3223698299648947,0.012003225064791456,-0.7583658319993827
297,2.2967202735204353,0.020406553205375655,-0.7619358336831034
298,2.266126696448239,0.02904241966150134,-0.7651259793809952
299,2.2359583340636044,0.038542928179775116,-0.7685892647652198
300,2.2060714809339483,0.04712550658319392,-0.7723077731614155
301,2.1742859436778588,0.05576392601961078,-0.7764094455239638
302,2.1440720283717978,0.0628239461573985,-0.7800253783779495
303,2.1250653407360396,0.06637241001521854,-0.782108757369111
304,2.1222772438834383,0.0673309960701387,-0.782547389324854
305,2.122500897306365,0.0676705151936321,-0.7825676475029896
306,2.1224540670637833,0.06767581834305703,-0.7825569683192193
307,2.1224096594989015,0.06769923526503896,-0.782541584784943
308,2.122384420231666,0.06770895771746366,-0.7825190661849555
309,2.122295390322052,0.06772686993660404,-0.7825079384461148
310,2.122221283800032,0.06773839218812316,-0.7824832656906878
311,2.1221492768546724,0.06774483774373974,-0.7824675583306364
312,2.122097669269414,0.06775091959266977,-0.7824464410411524
313,2.122057895106439,0.06777551134393245,-0.7824120204523326
314,2.1220131645489793,0.0677834894313949,-0.782373973110665
315,2.121940635475274,0.06779619432769324,-0.78235287420775
316,2.1241564497120033,0.06795859406657168,-0.7837635174337263
317,2.1357829997874958,0.06587919956513955,-0.7820529521167631
318,2.1599951148741576,0.05999720196160929,-0.7774606603214061
319,2.1883826453197623,0.0532421423697933,-0.772896047889469
320,2.214684679687618,0.04501718495292284,-0.7678945203637596
321,2.2406892180471103,0.0373465818488572,-0.7638546257412678
322,2.2681873100659122,0.028510282447019808,-0.759506717222769
323,2.293896214018165,0.01996246641784838,-0.7560735679332831
324,2.3087556758762875,0.015179403118968926,-0.7544342611261078
325,2.311642029825218,0.01403238461024725,-0.7542556847417965
326,2.3114280808777212,0.013776468380709339,-0.7543140621044918
327,2.31145563372772,0.01375900232338556,-0.7543761770259724
328,2.31147918832781,0.013748050416544144,-0.7544086934154193
329,2.3114943400925694,0.013714139149394233,-0.7544476975556309
330,2.3115397026157565,0.013715494324488597,-0.7544820763510148
331,2.3115618557780238,0.013697229082231921,-0.7545270966299388
332,2.3116037261901257,0.013671548994520055,-0.7545764211077145
333,2.311653319227292,0.013668046831492031,-0.7546232650709565
334,2.3116723261110934,0.01364781425854944,-0.7546578997360865
335,2.311696254658661,0.01364366018786023,-0.754674675432095
336,2.311712413341144,0.013647277886960518,-0.7547045231737485
337,2.3108342644315907,0.013138792041500036,-0.754789120723179
338,2.3158551280623305,0.008506746701055334,-0.7529179857771825
339,2.3329881774711216,-0.002319269219676512,-0.7522280478552018
340,2.3552100134969054,-0.01489991273444824,-0.7512703526400797
341,2.3754722012697385,-0.028305170061716955,-0.7502672376892396
342,2.395666446849753,-0.041685697073865935,-0.7500798198684748
343,2.4169184417140883,-0.05526871373704445,-0.7502204718500283
344,2.437846585926636,-0.0686840086155509,-0.7505163940287476
345,2.4596029090855978,-0.08239238086785461,-0.7512492376632037
346,2.4802256280516,-0.095907149646004,-0.7522492427789659
347,2.50099370161118,-0.11045354877402791,-0.7535297769510537
348,2.5206943543682807,-0.1251418832961364,-0.7553231335596796
349,2.539751089449021,-0.13803524747773266,-0.7578536893272245
350,2.5505829292065383,-0.14539723055060128,-0.7588901733075621
351,2.552874552285241,-0.1478916778038517,-0.7589222234848744
352,2.5528058887719762,-0.1483873790429151,-0.7588747114172494
353,2.5529641341620133,-0.14850891351507522,-0.7588544315816366
354,2.553107288141996,-0.148661795240296,-0.7587978225411701
355,2.553185292959021,-0.14880625710348094,-0.7587413876841118
356,2.5532867483512365,-0.14892472877611262,-0.7586871346542652
357,2.5533989302670723,-0.14900850094368812,-0.7586591746697905
358,2.5535032015425276,-0.14907649534315248,-0.7586255727778308
359,2.5535634021823768,-0.14920192863064097,-0.7585664506942114
360,2.553666030442353,-0.14927618243887508,-0.7585416538616478
361,2.55378154209117,-0.14932236423637257,-0.7585212297383308
362,2.553832718358607,-0.1493700938957736,-0.7584928185802119
363,2.5499155919675496,-0.14920366659681528,-0.7604262310761488
364,2.5419370227560663,-0.14521215900147944,-0.7612877197291585
365,2.5288256583637256,-0.1340351514450855,-0.7601334588299921
366,2.5109073346628046,-0.12034205303234824,-0.7577302231479903
367,2.49315840131269,-0.1059654808877959,-0.7553031457379735
368,2.4761554398297,-0.09164762396667281,-0.7536813931614985
369,2.4581744629978544,-0.07789532134198063,-0.7525798467067906
370,2.439162720328922,-0.06414958376082569,-0.751309084689255
371,2.4202266520928326,-0.050558296064670216,-0.7508823637952611
372,2.4015556005240746,-0.03684604038849737,-0.7512461324872256
373,2.3819787111535917,-0.023345457906993605,-0.7517214857271115
374,2.3613246465958047,-0.009960024394657596,-0.7525037494745966
375,2.343418016801422,0.0002778733810833156,-0.7539740704725831
376,2.33327706344595,0.0060668210896765995,-0.7553217155335615
377,2.331612937287912,0.007597332992614225,-0.7556277104034813
378,2.3317008727671724,0.00775625657269452,-0.7556597856355748
379,2.3316384065338887,0.007816568413256286,-0.7557172977466198
380,2.331597683646207,0.007881137134214011,-0.7557741258391392
381,2.3315396779206754,0.007949092715821227,-0.7558265394758804
382,2.3313616865131346,0.008023170186713058,-0.7559008111596636
383,2.331343126655703,0.008133679990436793,-0.7559818815522449
384,2.3312814627877954,0.008185505398075943,-0.7560382951197638
385,2.331264702123167,0.008241118127889857,-0.7560765408999799
386,2.3312445097465755,0.00833337180633209,-0.7561575403880094
387,2.331216747188312,0.008360369332689022,-0.7562016846685801
388,2.3312066151270576,0.008395699401383183,-0.756229471918653
389,2.330541297050862,0.008002059890150237,-0.7563142926123203
390,2.3217536346079832,0.012228804837112639,-0.758594329067113
391,2.296231688837384,0.020543253687426155,-0.7621581965860945
392,2.265342083019048,0.029323127831428097,-0.7652162004199358
393,2.2353019399916945,0.03863523493281251,-0.7687689217319877
394,2.205221560338679,0.04732007454260856,-0.7724728263973387
395,2.17404058447854,0.055759634880626185,-0.7766186249318562
396,2.143371218500067,0.06295588378969819,-0.7802373612667701
397,2.1247712934659897,0.06643267236429984,-0.7824124402536634
398,2.12195380425805,0.06739427081629468,-0.7828505807491389
399,2.122186331556003,0.06769971593447499,-0.7828302971519967
400,2.1221478610628126,0.06771640817679891,-0.7828131280397447
401,2.1220990277305862,0.06774321409860717,-0.78277074237192
402,2.122070490610479,0.06777203942278498,-0.7827265775145463
403,2.1220025602191703,0.06778648978433321,-0.7826968338070535
404,2.121955918244411,0.06780820272956078,-0.7826738261983244
405,2.1219143045773197,0.06782055302168732,-0.7826617282478819
406,2.121852901541887,0.06781793724471985,-0.7826474426143085
407,2.121808318166765,0.06782392077326338,-0.7826318007362608
408,2.1217536518502595,0.06782979410349887,-0.7826304338384988
409,2.1220409144311962,0.06806935057439234,-0.7833254043508223
410,2.1299709167709335,0.06705778373893745,-0.7833261395172478
411,2.1503781447586947,0.06202540189220973,-0.7794679731179612
412,2.1785903759857903,0.05538045046298823,-0.7747747799504369
413,2.205533909606276,0.0479849780602708,-0.7697454691389592
414,2.2326748692512064,0.03997252375489735,-0.765289103474301
415,2.25931045819368,0.03142890074395144,-0.7610011493097492
416,2.2860078684583587,0.02241873181700771,-0.7572211398713826
417,2.3051701370311197,0.01635821630604406,-0.7548211269128746
418,2.3118082410555147,0.014116255598688232,-0.7544000675936435
419,2.3115787610564826,0.013714384119330125,-0.7544037295977911
420,2.3116025703942533,0.013688150136374144,-0.7544531779382495
421,2.311581981984882,0.013642595598687413,-0.7544826883538607
422,2.311610437238915,0.01363580358098826,-0.7545355745386622
423,2.311638490441016,0.013618973477174778,-0.7545856828769447
424,2.3116586689593714,0.013589104156777054,-0.7546268879020752
425,2.311694509750177,0.013595618486977656,-0.7546704007370766
426,2.3116973863415082,0.013571296289587975,-0.7547105828816627
427,2.31172871199732,0.013566131079818078,-0.7547436425295547
428,2.311759150949819,0.013551316503179311,-0.7547902447072462
429,2.3117681403659693,0.013534575075377253,-0.754810546841356
430,2.3115278810284714,0.0134077879927752,-0.7548641485458893
431,2.3128498094295535,0.010554981527585827,-0.7536412478003788
432,2.3258336498405554,0.002277819772061429,-0.7528451386277711
433,2.3470928197023655,-0.010536279542635363,-0.7517035336892702
434,2.3683287062605682,-0.023547821811646497,-0.7505829988280087
435,2.388650785041877,-0.036792711847704274,-0.7503161765339839
436,2.409489938121127,-0.050543626145333365,-0.7503134352148335
437,2.4302864751468443,-0.06386647709572069,-0.7504462652510343
438,2.4516902694290468,-0.07714999106936293,-0.7510968295657349
439,2.472938385179334,-0.09074605066837127,-0.7521724940711029
440,2.4940742265920197,-0.10508572340105715,-0.7533783563104017
441,2.5137203517947317,-0.11941818952410799,-0.7547475283351773
442,2.533400647412155,-0.1337470598831958,-0.757385592720602
443,2.5478727547761904,-0.1428940834160488,-0.7589555302054604
444,2.552951791531048,-0.1473524974835565,-0.7592285143705255
445,2.552936843852607,-0.14805150317165894,-0.7591606642366902
446,2.55306854291093,-0.14823322246194337,-0.7591359381148935
447,2.5531859112279496,-0.1484058571893465,-0.7590782834243502
448,2.553304079358838,-0.14851024351607744,-0.759042152103145
449,2.5533869092635038,-0.14866761962667918,-0.7589689648661133
450,2.553481814851214,-0.14876867829006013,-0.7589254122265997
451,2.5535874890887533,-0.14883808581470714,-0.7589059682723147
452,2.5536489432159657,-0.14893881450563384,-0.758855397086854
453,2.5537685724261214,-0.1490466677807949,-0.7588160170493687
454,2.553860515658976,-0.14910750000682693,-0.7587832717252724
455,2.5539291399198008,-0.14915970053813643,-0.7587652453505613
456,2.5530409498266926,-0.14931189934133937,-0.7593842377403344
457,2.5458829345060185,-0.1474772881324906,-0.7616884207139882
458,2.5348437330535343,-0.13885857489075448,-0.7613351675765657
459,2.518151396115578,-0.12565544787260996,-0.7589939021980383
460,2.5002297879557256,-0.11169415749384148,-0.7567364395886536
461,2.4831832970402083,-0.09698707794978656,-0.7547101331140607
462,2.4651595130207795,-0.0831419768031163,-0.7532990710800509
463,2.446587477466512,-0.06917403749482176,-0.7519937968745412
464,2.427836531445364,-0.05564738557842319,-0.7512823744083788
465,2.409130196131766,-0.04214685027860576,-0.751454898409268
466,2.3901295211637126,-0.02864637108262147,-0.75185480849043
467,2.3698104089495113,-0.015308376824500147,-0.752598195474295
468,2.350322719769875,-0.0031321528832559675,-0.7539401192973797
469,2.335879461948691,0.004653927799191493,-0.7552990929014269
470,2.3315081783640443,0.007544832832259152,-0.7559305678361193
471,2.3315531246779355,0.007788667502653723,-0.7560194006601668
472,2.3315242586682916,0.007916840702008043,-0.7560856583624586
473,2.3315014067408275,0.007994824047154792,-0.7561435151401017
474,2.331415957943018,0.00806996061079035,-0.7562234790741621
475,2.3313655025362405,0.008187555764195498,-0.7563140603294378
476,2.331327727098965,0.008276924932915097,-0.7563922539805898
477,2.3312745205414593,0.00834729460710082,-0.7564621968677552
478,2.3312638443593565,0.008403930853654984,-0.7565089197089211
479,2.3312186162784476,0.008470665395738042,-0.7565732883863994
480,2.3311969575624305,0.008527384839094987,-0.7566327389341926
481,2.331164560692778,0.00863172883078156,-0.7567162192219811
482,2.331037632253181,0.00844407007555148,-0.7567380932247091
483,2.3271203200180803,0.0102299870217204,-0.7582487617784432
484,2.3066170362242615,0.01717461108267404,-0.7614387916573374
485,2.2770448412513606,0.026251309352553598,-0.7646123601897032
486,2.246202976165406,0.03545148266901332,-0.7682503390724645
487,2.2169820210478504,0.04437718264048507,-0.7719077086177555
488,2.185801542160371,0.05278743297185784,-0.7757906671572535
489,2.1541781807899305,0.06085788163384853,-0.7793542822295834
490,2.1297755605638478,0.06539251666524626,-0.7821361683648257
491,2.1219476290211894,0.06722899745465583,-0.7830996073635732
492,2.1222603345731206,0.06777502237366773,-0.7831798825318086
493,2.1221870544036845,0.06777982100749291,-0.7831605833454555
494,2.1221560256704053,0.06780386123225468,-0.783145333948606
495,2.1221088586592995,0.06780900539239809,-0.7831214931055926
496,2.1220702065488197,0.06782571156509132,-0.7830927395150004
497,2.122032649462446,0.06784817184053593,-0.7830636945683673
498,2.12196925354108,0.06786029265582805,-0.7830359768692845
499,2.1219153827687016,0.0678655886561319,-0.7830061187398287
500,2.121862165727278,0.06788157934916939,-0.7829885592315697
501,2.121806803343545,0.06788425686744581,-0.7829644570224499
502,2.1217853020983535,0.06789846208210415,-0.7829479919265773
503,2.121734218725882,0.06790314758663207,-0.782935292732686
504,2.1263435398910917,0.06770313657183036,-0.7843224313709054
505,2.1417118575366993,0.06423956630665706,-0.781578560549451
506,2.168723364334142,0.05790718248961935,-0.7765164979528959
507,2.1970281727307697,0.050995467876953526,-0.771740988178179
508,2.2234281718314763,0.042734225390481884,-0.7670163894746626
509,2.249923983758164,0.03440879260761842,-0.7628767005385797
510,2.276879404879277,0.025480424651814992,-0.7587912595660566
511,2.2995927558378666,0.018255529030999806,-0.7557899771202443
512,2.3110228560476322,0.014442808982112476,-0.7547884182245084
513,2.311655373950207,0.013768359038017985,-0.7547842158039599
514,2.31151782444393,0.013613431745090221,-0.7548241875429386
515,2.3115221947272855,0.013586481969876107,-0.7548592247094307
516,2.3115791272189505,0.013594655372520581,-0.7549059735025648
517,2.3115736169723418,0.013570384587042739,-0.7549483624729751
518,2.311623530552636,0.013570277754665128,-0.7549927173074994
519,2.31163492384361,0.013555778375430538,-0.75503695409981
520,2.311647778334259,0.013536094331312531,-0.7550836164573906
521,2.311689024391928,0.01353661342482293,-0.7551038413261617
522,2.31171115579121,0.013529405667160432,-0.7551125177093277
523,2.311720921591465,0.013527709815853273,-0.7551108477778233
524,2.3117516938220173,0.01353593744470194,-0.755087764525825
525,2.3115070669638667,0.011853027390978488,-0.7540923962033861
526,2.3205165137853014,0.005385264341031704,-0.7523547343283674
527,2.340360099501525,-0.006960212168745539,-0.7513749402825924
528,2.361881013332819,-0.019682161474492643,-0.7502578052905144
529,2.381669370641552,-0.03279756094799868,-0.7491843309977684
530,2.402819567112912,-0.046961438634972374,-0.7491221308789296
531,2.4232613277773876,-0.06023255178441067,-0.7491478689471315
532,2.444243152676427,-0.07359249357873021,-0.7494203694095276
533,2.466107220120016,-0.08750608082413591,-0.7501481535897047
534,2.487115295453667,-0.1013249951848938,-0.7512188149443153
535,2.507146280665559,-0.11592503062260584,-0.7524295585113177
536,2.526791670272347,-0.13069402971679356,-0.7544852057292251
537,2.5437431918444933,-0.14177150791273352,-0.7564923228126863
538,2.551373029962696,-0.14789685965730826,-0.7568686899219254
539,2.5520723769106253,-0.14933766844613028,-0.7567118691579298
540,2.5522142884515584,-0.14968692403106343,-0.7566073176240998
541,2.5523605948426313,-0.1499348905085136,-0.7565136989465917
542,2.5524885409552915,-0.1501556502473662,-0.7564126216695043
543,2.552575148184653,-0.1504421796457569,-0.7562960715188252
544,2.552661724001082,-0.15060067934953913,-0.7562255509105705
545,2.5526919174865847,-0.15079110478655222,-0.7561324665854153
546,2.552752567748777,-0.1509904381130529,-0.756042096373218
547,2.55279961333023,-0.15120161190008963,-0.7559449005679914
548,2.552836714646496,-0.15139896895699767,-0.7558410109601972
549,2.5528862061399087,-0.15154042008780566,-0.7557688006347542
550,2.552941668808815,-0.1517246702592463,-0.755668329941728
551,2.546542849042583,-0.1511077364558604,-0.7571172405000103
552,2.536786896317255,-0.1445130238412815,-0.7566856125286171
553,2.521988926934879,-0.13195614818098167,-0.7547466268609848
554,2.503817338984432,-0.11796313690782578,-0.7519845874135009
555,2.4868582806106017,-0.1035366575810972,-0.7498747088864975
556,2.469563520405191,-0.08968050008028072,-0.7483766893727826
557,2.4517721331707194,-0.07604618163466514,-0.7468165322948271
558,2.432523511102586,-0.061674879873952815,-0.7458051566014453
559,2.413853244450614,-0.04806609154980768,-0.7459620871147503
560,2.3950954416381722,-0.034570705583832684,-0.7463128820680197
561,2.3755493367540708,-0.021241348166433527,-0.7466922741511807
562,2.355298154201762,-0.008013078078559221,-0.7480884799737495
563,2.339300180163728,0.0012501813026515318,-0.7493533242416133
564,2.332163781002491,0.005894640889105185,-0.7502041126762495
565,2.331683836295356,0.006600593456594472,-0.750266916392037
566,2.3317414221289514,0.006729570422034925,-0.750261038847694
567,2.3317016992945407,0.006780315610444676,-0.7502767192908921
568,2.3315342900172573,0.006790757501629052,-0.7502833591836408
569,2.331470556492856,0.0068330927460587,-0.7502928237643591
570,2.3313929283881127,0.006837864943530114,-0.7502796466371071
571,2.3313354407600357,0.006841430638107493,-0.7502850940520313
572,2.331306334848719,0.0068646298773575865,-0.7502707129625293
573,2.3312694763546102,0.006866472048264738,-0.7502712381841729
574,2.331256974067419,0.006881859455121209,-0.7502679720853839
575,2.3312314285959426,0.0068819081909989865,-0.7502576047589667
576,2.331202190449359,0.006890077019950258,-0.7502594015171185
577,2.3297215873296735,0.007280777828539087,-0.7485581027194853
578,2.3170042559582313,0.01285855833368954,-0.7509828275240232
579,2.289296212039726,0.02204158292816194,-0.7539422158863426
580,2.2587036697254783,0.030871940834939382,-0.7570452436144678
581,2.229401430519139,0.04009639517848518,-0.7607713630190178
582,2.198637294029888,0.04869679139282024,-0.764788300687065
583,2.167384932484883,0.057275035950077324,-0.768880227788463
584,2.1394530903875966,0.06308562786456395,-0.7726350602571357
585,2.1261359054240963,0.06542245114476986,-0.7746242744214813
586,2.1256130179986075,0.06602907145495585,-0.7747212697907246
587,2.125603362054482,0.06611381895907753,-0.7746887916001971
588,2.1255169593387433,0.0661486600586545,-0.7746548717938546
589,2.1253813353582798,0.0661770126340091,-0.774586226849518
590,2.12528586430432,0.06620731893260734,-0.7745546027522446
591,2.1251323331148346,0.06623117473006679,-0.7745131569378171
592,2.1249923244442415,0.06625945216116569,-0.7744618809151669
593,2.124912681454012,0.0662963591660295,-0.7744100117804696
594,2.1248161501153633,0.06631533222470343,-0.7743742397289683
595,2.1247705985181433,0.0663389212966714,-0.7743294861353283
596,2.1246882805139924,0.06636456716452543,-0.7742764307711855
597,2.1246185986437487,0.06639165029667593,-0.774230321814534
598,2.1302817044795312,0.06651884855635748,-0.7730763105053099
599,2.1464019529430947,0.06304443693013884,-0.7696668164134511
