,bd_gray_x,bd_gray_y,lk_gray_x,lk_gray_y,z_brightness_gray,z_brightness_bin
0,-15.125869750976562,-1.0234527587890625,337.4700012207031,327.6099853515625,0.04794491217003105,0.013336588541666666
1,-15.188720703125,-0.859771728515625,337.43768310546875,327.4488830566406,0.04775760626940992,0.013033854166666666
2,-14.958404541015625,-0.833892822265625,337.4662170410156,327.469970703125,0.04789717585403726,0.013297526041666667
3,-14.930938720703125,-0.869781494140625,337.451416015625,327.4869079589844,0.04969858870967739,0.013245442708333333
4,-15.244537353515625,-0.894927978515625,337.43475341796875,327.48272705078125,0.04977513860887096,0.01337890625
5,-14.951904296875,-0.805938720703125,337.4563293457031,327.4707946777344,0.04970407006048384,0.013238932291666667
6,-14.584808349609375,-0.959716796875,337.466552734375,327.48077392578125,0.04972013608870965,0.013287760416666667
7,-15.244537353515625,-0.894927978515625,337.42425537109375,327.49945068359375,0.04967357610887095,0.013193359375
8,-14.62420654296875,-0.894927978515625,337.4311828613281,327.484619140625,0.04971402469758063,0.013264973958333334
9,-14.801116943359375,-0.87445068359375,337.43316650390625,327.4826354980469,0.049703377016129015,0.013193359375
10,-14.806488037109375,-0.934417724609375,337.4499206542969,327.4834899902344,0.04971830897177417,0.013170572916666666
11,-14.8438720703125,-0.945709228515625,337.4375305175781,327.4542541503906,0.049697454637096745,0.013138020833333333
12,-15.368515014648438,-1.0279541015625,337.43280029296875,327.47967529296875,0.04876705893987342,0.013323567708333333
13,-15.435272216796875,-0.69488525390625,337.4626159667969,327.47637939453125,0.04864022943037973,0.01314453125
14,-15.31512451171875,-0.828094482421875,337.4091491699219,327.37506103515625,0.051805591967281885,0.0135546875
15,-15.253448486328125,-0.763458251953125,337.375,327.3372497558594,0.05279403895547946,0.013427734375
16,-15.151748657226562,-0.9311676025390625,337.2462158203125,327.2754821777344,0.05188352034395974,0.013619791666666667
17,-14.735488891601562,-0.90655517578125,337.22406005859375,327.26446533203125,0.05293791470462329,0.013502604166666666
18,-14.827911376953125,-0.9971771240234375,337.1805114746094,327.20782470703125,0.0530892818921233,0.013704427083333333
19,-15.203384399414062,-0.8455352783203125,337.1704406738281,327.172119140625,0.053027009310787666,0.013483072916666667
20,-15.305633544921875,-1.0,337.1496887207031,327.23858642578125,0.05301369863013699,0.013489583333333333
21,-15.61163330078125,-0.844879150390625,337.1354675292969,327.22930908203125,0.05295490421660958,0.013421223958333334
22,-15.27825927734375,-0.870147705078125,337.1650085449219,327.22882080078125,0.05301175888270547,0.013512369791666666
23,-15.186492919921875,-0.851409912109375,337.18035888671875,327.1981201171875,0.05295737906678081,0.013414713541666666
24,-15.428421020507812,-1.09112548828125,337.1332092285156,327.1844787597656,0.05186267827181208,0.01322265625
25,-15.3839111328125,-1.1275482177734375,337.154541015625,327.152587890625,0.049784022177419326,0.013089192708333334
26,-15.215789794921875,-1.120208740234375,337.15887451171875,327.1656494140625,0.049889931955645145,0.01328125
27,-15.41461181640625,-1.209930419921875,337.13848876953125,327.173583984375,0.049829952116935465,0.013196614583333334
28,-15.423553466796875,-1.15057373046875,337.17840576171875,327.16192626953125,0.04989440524193545,0.013352864583333334
29,-15.432266235351562,-1.14813232421875,337.1738586425781,327.1536865234375,0.04985603578629031,0.013264973958333334
30,-15.16619873046875,-1.1915130615234375,337.1645812988281,327.16253662109375,0.04990076864919352,0.013330078125
31,-15.1507568359375,-1.10394287109375,337.17657470703125,327.1455993652344,0.04985899697580643,0.013225911458333333
32,-15.248809814453125,-1.0751953125,337.1431579589844,327.1480407714844,0.0499141885080645,0.013382161458333333
33,-15.234039306640625,-1.1719818115234375,337.18597412109375,327.1549072265625,0.04986737651209676,0.013274739583333334
34,-15.406158447265625,-1.0538330078125,337.192626953125,327.1690368652344,0.04991626764112901,0.0133984375
35,-15.3963623046875,-1.0477294921875,337.2667541503906,327.13897705078125,0.04980903477822579,0.013167317708333333
36,-15.586410522460938,-1.097198486328125,337.33233642578125,327.15777587890625,0.048109350737577626,0.013795572916666667
37,-15.5535888671875,-0.94903564453125,337.345947265625,327.169677734375,0.049745274697580624,0.012962239583333333
38,-15.21527099609375,-1.125274658203125,337.4320983886719,327.1636657714844,0.04996150453629031,0.013375651041666667
39,-14.93939208984375,-0.979248046875,337.51214599609375,327.19873046875,0.05283323523116439,0.013024088541666666
40,-14.856719970703125,-0.88787841796875,337.5088806152344,327.267333984375,0.052958248608732876,0.013326822916666667
41,-15.919967651367188,-0.843017578125,337.512451171875,327.2418212890625,0.052817717251712325,0.013177083333333334
42,-15.224090576171875,-0.9713134765625,337.5688781738281,327.2510070800781,0.05287403681506849,0.013268229166666666
43,-15.4556884765625,-1.03399658203125,337.54278564453125,327.2565612792969,0.05281731592465753,0.013177083333333334
44,-15.4556884765625,-1.061676025390625,337.5132141113281,327.2528076171875,0.05286768247003425,0.013291015625
45,-15.70501708984375,-0.9300537109375,337.531982421875,327.253662109375,0.0528318305864726,0.013196614583333334
46,-15.625213623046875,-0.998199462890625,337.51885986328125,327.26885986328125,0.0528838024400685,0.013258463541666666
47,-15.230865478515625,-0.851715087890625,337.5150451660156,327.27215576171875,0.051796940541107395,0.013203125
48,-15.454010009765625,-1.014373779296875,337.5145263671875,327.27081298828125,0.05178206270973155,0.01337890625
49,-15.298492431640625,-0.889373779296875,337.4991149902344,327.2568664550781,0.051615588296979875,0.013079427083333333
50,-14.791900634765625,-0.8826904296875,337.5096740722656,327.2752380371094,0.049764742943548365,0.013248697916666666
51,-14.8756103515625,-0.852142333984375,337.50323486328125,327.296875,0.048735351562499994,0.013033854166666666
52,-14.954360961914062,-0.771820068359375,337.510498046875,327.279541015625,0.04883486204509493,0.013154296875
53,-14.79156494140625,-0.6953582763671875,337.4846496582031,327.2911682128906,0.04872694570806961,0.01296875
54,-14.731231689453125,-0.9020233154296875,337.4952087402344,327.27728271484375,0.04882509642009493,0.013219401041666667
55,-14.710235595703125,-0.876678466796875,337.5255126953125,327.2799072265625,0.04877639191060126,0.013125
56,-14.82373046875,-0.740753173828125,337.557373046875,327.3463134765625,0.051861891778523496,0.013404947916666667
57,-15.582229614257812,-0.81597900390625,337.5491943359375,327.4735107421875,0.05182964555369129,0.013414713541666666
58,-14.73773193359375,-1.01458740234375,337.57244873046875,327.5067443847656,0.05206152999161075,0.013802083333333333
59,-14.934539794921875,-1.0567169189453125,337.58453369140625,327.53399658203125,0.052120910234899336,0.014124348958333333
60,-15.199462890625,-1.143829345703125,337.6123352050781,327.57989501953125,0.049569941653481005,0.014833984375
61,-14.72265625,-1.101104736328125,337.7016296386719,327.69390869140625,0.05036781754032256,0.0146484375
62,-14.596694946289062,-1.296356201171875,337.73358154296875,327.68682861328125,0.05057081653225804,0.014912109375
63,-14.690780639648438,-1.343048095703125,337.7855224609375,327.6446228027344,0.05250098311661075,0.014925130208333333
64,-14.508209228515625,-1.173309326171875,337.78961181640625,327.6474304199219,0.05270199769295303,0.015358072916666667
65,-15.30517578125,-1.28704833984375,337.8243408203125,327.638427734375,0.05368177440068494,0.015133463541666666
66,-15.490234375,-1.2389984130859375,337.79132080078125,327.6570739746094,0.0537140812285959,0.015260416666666667
67,-15.171096801757812,-1.251556396484375,337.83245849609375,327.5942077636719,0.05360826466181507,0.015052083333333334
68,-15.138458251953125,-1.2892303466796875,337.8248291015625,327.609130859375,0.05371006795804795,0.015325520833333333
69,-14.5927734375,-1.344085693359375,337.8265686035156,327.59405517578125,0.053663514019691785,0.015032552083333333
70,-14.95831298828125,-1.2509002685546875,337.80841064453125,327.6191101074219,0.05481076540646854,0.015188802083333333
71,-14.692413330078125,-1.3176727294921875,337.8047790527344,327.5951843261719,0.05363073897688356,0.01513671875
72,-14.26580810546875,-1.0771484375,337.8155517578125,327.5644836425781,0.05269020029362417,0.01521484375
73,-14.35302734375,-1.0981292724609375,337.8337097167969,327.5384826660156,0.052567114093959734,0.015188802083333333
74,-14.184112548828125,-1.09222412109375,337.7925720214844,327.55401611328125,0.052677813024328855,0.015169270833333333
75,-14.116455078125,-1.1781768798828125,337.8348388671875,327.52899169921875,0.052609781354865784,0.015055338541666666
76,-14.302581787109375,-1.07061767578125,337.8351135253906,327.5306396484375,0.05268829960151008,0.015120442708333333
77,-14.366409301757812,-1.06744384765625,337.8148498535156,327.5346374511719,0.05266024800755035,0.015104166666666667
78,-14.2535400390625,-1.1428680419921875,337.8207092285156,327.51873779296875,0.05270298080956376,0.015159505208333333
79,-14.156707763671875,-1.160369873046875,337.7884521484375,327.53314208984375,0.05267093120805371,0.015032552083333333
80,-14.1668701171875,-1.1428680419921875,337.81085205078125,327.5434875488281,0.05270409500838926,0.015139973958333334
81,-14.47222900390625,-1.134735107421875,337.7324523925781,327.5990295410156,0.0525939204068792,0.015113932291666667
82,-14.346359252929688,-1.1140594482421875,337.704833984375,327.54327392578125,0.05374458208476028,0.015237630208333333
83,-14.37060546875,-1.142669677734375,337.6990966796875,327.550048828125,0.053686590325342454,0.015068359375
84,-13.137771606445312,-1.033355712890625,337.6802062988281,327.5707092285156,0.052629640310402695,0.015091145833333333
85,-13.425994873046875,-1.2157745361328125,337.6023864746094,327.5572509765625,0.05246119966442954,0.014658203125
86,-13.953399658203125,-1.2708740234375,337.5555725097656,327.57781982421875,0.052642158661912755,0.014905598958333334
87,-15.3607177734375,-1.1790618896484375,337.50067138671875,327.556884765625,0.05251009333053691,0.014615885416666667
88,-15.287811279296875,-1.12750244140625,337.4337158203125,327.4941711425781,0.0506282762096774,0.014925130208333333
89,-14.310028076171875,-1.183258056640625,337.42340087890625,327.4299621582031,0.05254122535654364,0.014680989583333333
90,-14.62646484375,-0.953277587890625,337.3810119628906,327.4145812988281,0.053633682041952055,0.014912109375
91,-14.7095947265625,-1.002960205078125,337.3659362792969,327.4249572753906,0.05455071295891609,0.014554036458333334
92,-15.692535400390625,-1.014678955078125,337.3891296386719,327.3084411621094,0.05440566269667832,0.014290364583333333
93,-15.25665283203125,-1.09326171875,337.38409423828125,327.3059997558594,0.0553662109375,0.014049479166666667
94,-14.8802490234375,-0.96990966796875,337.385009765625,327.28826904296875,0.05535735212053571,0.013974609375
95,-14.8902587890625,-0.96990966796875,337.37652587890625,327.26953125,0.05415243935751748,0.013870442708333333
96,-14.848114013671875,-0.7846832275390625,337.3808898925781,327.2752685546875,0.0518254509228188,0.013375651041666667
97,-14.97027587890625,-0.892578125,337.3789978027344,327.2794494628906,0.051726942638422826,0.013186848958333334
98,-15.159393310546875,-0.847564697265625,337.384765625,327.2712707519531,0.051817192743288595,0.013336588541666666
99,-15.465179443359375,-0.8753662109375,337.3903503417969,327.27667236328125,0.05176017197986577,0.013160807291666667
100,-15.112335205078125,-0.861602783203125,337.40386962890625,327.2787170410156,0.051809131187080554,0.013235677083333333
101,-15.112335205078125,-0.84222412109375,337.4131774902344,327.2845764160156,0.05177970322986579,0.013134765625
102,-15.195037841796875,-0.765350341796875,337.4282531738281,327.2745361328125,0.051795039848993286,0.0131640625
103,-14.67791748046875,-0.746917724609375,337.39715576171875,327.26531982421875,0.05176711933724832,0.013203125
104,-14.719970703125,-0.746917724609375,337.4093322753906,327.2754821777344,0.051798054739932896,0.013147786458333333
105,-14.90435791015625,-0.746917724609375,337.3993835449219,327.2633056640625,0.05177052747483222,0.013154296875
106,-14.694427490234375,-0.663177490234375,337.4229736328125,327.30303955078125,0.05182826919043625,0.013134765625
107,-15.082275390625,-0.68646240234375,337.429443359375,327.2841796875,0.05177688496224833,0.013095703125
108,-15.466400146484375,-0.92901611328125,337.4247741699219,327.2497253417969,0.04715421350990855,0.013499348958333334
109,-14.8206787109375,-0.906036376953125,337.34515380859375,327.2134094238281,0.049847341229838686,0.013460286458333333
110,-15.023956298828125,-1.0028533935546875,337.3316345214844,327.20037841796875,0.049100758999208856,0.013880208333333333
111,-14.834320068359375,-0.955902099609375,337.2525329589844,327.1842956542969,0.04901515526107594,0.013733723958333333
112,-14.546737670898438,-1.1233367919921875,337.18438720703125,327.19464111328125,0.05316118632277397,0.014117838541666667
113,-15.52996826171875,-1.118377685546875,337.1645202636719,327.1427001953125,0.05308888056506848,0.013902994791666666
114,-15.865066528320312,-0.9655609130859375,337.1728515625,327.1639709472656,0.0491245549841772,0.013955078125
115,-15.920135498046875,-0.97796630859375,337.122314453125,327.1502990722656,0.04907585047468354,0.013844401041666666
116,-15.55706787109375,-0.94482421875,337.13104248046875,327.1518859863281,0.05208637007130873,0.013834635416666666
117,-15.097503662109375,-0.947662353515625,337.14569091796875,327.1628723144531,0.05206008808724833,0.01373046875
118,-15.567962646484375,-1.042877197265625,337.1524963378906,327.1416931152344,0.052077849727348996,0.01376953125
119,-15.553802490234375,-1.04522705078125,337.14862060546875,327.14324951171875,0.05205484479865772,0.013707682291666667
120,-15.524078369140625,-1.27984619140625,337.1502380371094,327.12371826171875,0.051970427852349003,0.013528645833333333
121,-15.4012451171875,-1.0348052978515625,337.15960693359375,327.1210632324219,0.05184242606963088,0.013369140625
122,-15.523757934570312,-1.081817626953125,337.17803955078125,327.1180419921875,0.051998610528523496,0.01345703125
123,-15.896957397460938,-0.9527587890625,337.13726806640625,327.154296875,0.051909343540268466,0.013356119791666666
124,-15.824874877929688,-0.9374847412109375,337.1799621582031,327.1275634765625,0.05415319055944057,0.013408203125
125,-15.374359130859375,-1.030303955078125,337.1703796386719,327.13470458984375,0.05410770869755246,0.013391927083333333
126,-15.4798583984375,-0.9455108642578125,337.1656188964844,327.1324768066406,0.05415496612762238,0.013486328125
127,-15.551727294921875,-0.96026611328125,337.16741943359375,327.1146240234375,0.05196852716023491,0.013483072916666667
128,-15.5089111328125,-1.0672760009765625,337.18609619140625,327.11468505859375,0.05307456656678082,0.013606770833333334
129,-15.88861083984375,-1.106903076171875,337.2230224609375,327.1585998535156,0.052963332084760284,0.013427734375
130,-15.27972412109375,-1.075408935546875,337.2720642089844,327.1166076660156,0.05309048587328767,0.013525390625
131,-15.209182739257812,-1.1624298095703125,337.3376159667969,327.1043395996094,0.05304587168236301,0.013557942708333333
132,-14.6009521484375,-0.84234619140625,337.3920593261719,327.1425476074219,0.04912152640427214,0.013531901041666667
133,-14.186981201171875,-0.96990966796875,337.4658508300781,327.1991271972656,0.04987084173387094,0.013258463541666666
134,-14.108566284179688,-0.8341217041015625,337.5417175292969,327.2162780761719,0.0519828151216443,0.013518880208333334
135,-14.841888427734375,-1.093719482421875,337.50372314453125,327.1668701171875,0.051826499580536936,0.013284505208333333
136,-14.7745361328125,-0.846710205078125,337.51251220703125,327.170166015625,0.05186392355285236,0.013343098958333334
137,-14.526641845703125,-0.8101806640625,337.5225830078125,327.182861328125,0.05180487101510067,0.013121744791666667
138,-14.518386840820312,-0.7686004638671875,337.5340576171875,327.1636657714844,0.048909834849683545,0.01330078125
139,-14.639205932617188,-0.8130950927734375,337.5243835449219,327.20550537109375,0.048891786985759494,0.013225911458333333
140,-15.184555053710938,-0.731353759765625,337.50152587890625,327.1914367675781,0.0489098966574367,0.013333333333333334
141,-15.373504638671875,-0.8396148681640625,337.5038757324219,327.2168884277344,0.04981527217741934,0.013271484375
142,-15.51531982421875,-0.8497772216796875,337.50360107421875,327.20672607421875,0.049835874495967714,0.0132421875
143,-15.373504638671875,-0.81793212890625,337.5081787109375,327.1997985839844,0.04980972782258062,0.013219401041666667
144,-15.11029052734375,-0.842193603515625,337.5006103515625,327.19659423828125,0.052857314854452046,0.01314453125
145,-15.572296142578125,-0.761016845703125,337.4846496582031,327.2000427246094,0.05167667260906042,0.013082682291666667
146,-15.07183837890625,-0.82244873046875,337.48760986328125,327.1903991699219,0.05177000314597316,0.013180338541666666
147,-15.06353759765625,-0.832275390625,337.49188232421875,327.2070617675781,0.05169358221476511,0.013102213541666666
148,-15.449920654296875,-0.92535400390625,337.5115661621094,327.2252502441406,0.05179228712248323,0.013212890625
149,-15.069091796875,-1.006256103515625,337.5389099121094,327.2087097167969,0.051713899958053706,0.013040364583333333
150,-14.95660400390625,-0.877716064453125,337.5317077636719,327.2340393066406,0.05187558986996645,0.013271484375
151,-14.743499755859375,-1.0396728515625,337.524169921875,327.3420715332031,0.05182905568372484,0.013362630208333334
152,-14.714996337890625,-1.09649658203125,337.5697326660156,327.4416198730469,0.053133628531678086,0.013733723958333333
153,-14.0814208984375,-1.188934326171875,337.5840148925781,327.47796630859375,0.05319636932791097,0.013922526041666666
154,-14.734344482421875,-0.94830322265625,337.62835693359375,327.57769775390625,0.05341576145119861,0.014361979166666667
155,-15.39898681640625,-1.21673583984375,337.69476318359375,327.5936584472656,0.05341776808647259,0.014495442708333334
156,-15.225921630859375,-1.1314544677734375,337.7198181152344,327.6277770996094,0.053819162029109587,0.015110677083333333
157,-14.202194213867188,-1.034820556640625,337.8021240234375,327.636962890625,0.05359334867294521,0.014720052083333334
158,-13.94805908203125,-1.1201171875,337.781982421875,327.679443359375,0.05374672249571918,0.014967447916666666
159,-15.416030883789062,-1.1875,337.81121826171875,327.6177673339844,0.053659500749143836,0.014996744791666667
160,-15.2532958984375,-1.11474609375,337.80401611328125,327.63262939453125,0.053724248180650684,0.015169270833333333
161,-15.6669921875,-1.0923614501953125,337.82635498046875,327.61376953125,0.05356773062928082,0.014973958333333334
162,-15.821426391601562,-1.0847320556640625,337.8094177246094,327.6117858886719,0.05366585509417809,0.015205078125
163,-15.566360473632812,-1.1494903564453125,337.8047790527344,327.5903625488281,0.053601375214041104,0.015065104166666666
164,-15.472900390625,-1.2564239501953125,337.8197021484375,327.5746765136719,0.0536988308005137,0.015227864583333334
165,-15.798095703125,-1.107879638671875,337.8069152832031,327.5773620605469,0.05366304580479453,0.015185546875
166,-16.0325927734375,-1.09844970703125,337.7957458496094,327.5630798339844,0.05370505136986302,0.015260416666666667
167,-15.222686767578125,-1.142730712890625,337.78204345703125,327.5455627441406,0.05367093857020548,0.015149739583333334
168,-14.462417602539062,-1.1840057373046875,337.79925537109375,327.5326843261719,0.05266935822147652,0.015120442708333333
169,-14.191925048828125,-1.16705322265625,337.78863525390625,327.533447265625,0.05259142984479867,0.014951171875
170,-14.41607666015625,-1.179351806640625,337.79827880859375,327.5569152832031,0.050676600302419335,0.015071614583333334
171,-14.191009521484375,-1.117767333984375,337.7984619140625,327.5240173339844,0.05058902469758062,0.014973958333333334
172,-14.191009521484375,-1.133331298828125,337.8170166015625,327.54180908203125,0.050647681451612886,0.015120442708333333
173,-14.00823974609375,-1.133331298828125,337.7987060546875,327.5556945800781,0.05264307623741611,0.014990234375
174,-14.298324584960938,-1.2117919921875,337.8191833496094,327.5357971191406,0.05271222210570472,0.015166015625
175,-14.18695068359375,-1.0544891357421875,337.775390625,327.58306884765625,0.05258389261744968,0.014921875
176,-14.383834838867188,-1.04608154296875,337.7001953125,327.5592346191406,0.05262433148070471,0.015048828125
177,-14.4176025390625,-0.90338134765625,337.64971923828125,327.5766906738281,0.05254102873322149,0.014889322916666666
178,-13.9351806640625,-0.9701080322265625,337.6995849609375,327.5586242675781,0.05270094903523491,0.015201822916666666
179,-14.46844482421875,-1.039398193359375,337.6470031738281,327.5290222167969,0.05263213087248323,0.015022786458333333
180,-14.42071533203125,-0.912261962890625,337.5780029296875,327.5116882324219,0.05268751310822148,0.015166015625
181,-14.90325927734375,-0.93310546875,337.5055847167969,327.5033874511719,0.05366779484160959,0.014993489583333333
182,-14.483184814453125,-0.9306640625,337.513427734375,327.5176696777344,0.05382264019691782,0.015276692708333333
183,-14.411376953125,-1.018951416015625,337.4560241699219,327.4423522949219,0.053653480843321916,0.014947916666666667
184,-14.185150146484375,-0.774810791015625,337.38690185546875,327.3870849609375,0.05259627988674497,0.01490234375
185,-13.617965698242188,-0.7605133056640625,337.3945617675781,327.3781433105469,0.05350632758989726,0.014596354166666667
186,-13.913497924804688,-0.9673004150390625,337.34014892578125,327.27392578125,0.052363281250000004,0.014436848958333333
187,-14.40447998046875,-1.038848876953125,337.3760070800781,327.18408203125,0.05326018032962329,0.014095052083333334
188,-14.302032470703125,-1.083587646484375,337.3864440917969,327.23516845703125,0.049164359177215185,0.014020182291666667
189,-14.705963134765625,-1.165802001953125,337.3841857910156,327.2230224609375,0.04910551819620252,0.013971354166666667
190,-14.797149658203125,-1.055938720703125,337.3941650390625,327.23681640625,0.04909624703322783,0.013981119791666666
191,-14.797149658203125,-1.041961669921875,337.3997802734375,327.2363586425781,0.049086728639240504,0.0139453125
192,-15.555007934570312,-0.8674468994140625,337.39764404296875,327.2334289550781,0.049844506048387076,0.013619791666666667
193,-15.105712890625,-0.8156890869140625,337.3847961425781,327.23101806640625,0.04969222530241934,0.01328125
194,-15.324020385742188,-0.9015045166015625,337.3920593261719,327.2528991699219,0.04981665826612901,0.013512369791666666
195,-14.821746826171875,-0.744720458984375,337.4023742675781,327.21356201171875,0.04971213457661288,0.013365885416666667
196,-15.427581787109375,-0.822662353515625,337.3765869140625,327.23138427734375,0.04884747082674049,0.013509114583333334
197,-15.518585205078125,-0.822662353515625,337.399169921875,327.2253723144531,0.04881100425237341,0.013404947916666667
198,-15.518585205078125,-0.85552978515625,337.43121337890625,327.23236083984375,0.04886075949367087,0.013453776041666667
199,-15.182891845703125,-0.866668701171875,337.4083251953125,327.2383728027344,0.04881378560126581,0.013307291666666667
200,-15.6632080078125,-0.7833251953125,337.4271545410156,327.2383728027344,0.048868979924841766,0.01345703125
201,-15.6632080078125,-0.7833251953125,337.4277648925781,327.2406311035156,0.048861995648734176,0.013453776041666667
202,-15.19146728515625,-0.8180389404296875,337.44183349609375,327.2254333496094,0.04893381625791139,0.013590494791666666
203,-15.794769287109375,-0.755035400390625,337.3815612792969,327.16729736328125,0.04893455795094935,0.013671875
204,-15.3289794921875,-1.0328369140625,337.3237609863281,327.1527404785156,0.04910180973101265,0.013645833333333333
205,-15.437484741210938,-0.9311370849609375,337.2561340332031,327.0790710449219,0.04810073757763975,0.013567708333333333
206,-15.0743408203125,-1.150146484375,337.19012451171875,327.076416015625,0.05214942061661075,0.013902994791666666
207,-15.3182373046875,-0.98858642578125,337.2030029296875,327.0726013183594,0.05207280306208054,0.01388671875
208,-15.7772216796875,-0.86810302734375,337.1578063964844,327.0382080078125,0.052158203125000004,0.013929036458333334
209,-15.494125366210938,-0.99334716796875,337.1728515625,327.1352844238281,0.05001159274193546,0.013782552083333333
210,-15.488388061523438,-0.9776763916015625,337.1526184082031,327.09320068359375,0.050078944052419326,0.0139453125
211,-15.23187255859375,-0.8402099609375,337.1412048339844,327.1072998046875,0.050046811995967715,0.013876953125
212,-15.122650146484375,-0.97320556640625,337.1715087890625,327.08563232421875,0.05007503780241933,0.013893229166666667
213,-14.877960205078125,-0.90948486328125,337.1585998535156,327.08221435546875,0.050015561995967725,0.013837890625
214,-15.2315673828125,-0.973876953125,337.1733703613281,327.0653381347656,0.053166604238013705,0.013909505208333334
215,-15.336135864257812,-0.927215576171875,337.1584777832031,327.0799560546875,0.053122525149828764,0.013899739583333333
216,-15.35662841796875,-1.172393798828125,337.15643310546875,327.06103515625,0.05306553670804794,0.013600260416666666
217,-15.203277587890625,-0.9742431640625,337.1806335449219,327.067138671875,0.05293584118150684,0.013466796875
218,-15.26165771484375,-0.913177490234375,337.1745300292969,327.0629577636719,0.053077108304794514,0.013606770833333334
219,-15.2857666015625,-0.95611572265625,337.1863708496094,327.0393981933594,0.0530201198630137,0.013470052083333333
220,-15.286834716796875,-0.9300537109375,337.1783447265625,327.0720520019531,0.05309677333047944,0.01361328125
221,-15.321823120117188,-0.8880462646484375,337.1861267089844,327.0422668457031,0.05305316245719178,0.01361328125
222,-15.373809814453125,-0.966705322265625,337.2276916503906,327.04974365234375,0.05312279270119863,0.013792317708333333
223,-15.22296142578125,-0.911712646484375,337.21832275390625,327.0790710449219,0.05194807833473155,0.013577473958333334
224,-15.42657470703125,-1.133331298828125,337.248779296875,327.0557556152344,0.053153761772260257,0.0138671875
225,-14.937774658203125,-1.229644775390625,337.30242919921875,327.0259704589844,0.05200247745385906,0.01361328125
226,-14.86749267578125,-0.989532470703125,337.4244079589844,327.0773620605469,0.0531451332405822,0.013671875
227,-15.356765747070312,-1.00848388671875,337.4604187011719,327.0658264160156,0.049964591733870946,0.013606770833333334
228,-15.36669921875,-1.13800048828125,337.508544921875,327.17364501953125,0.052073392932047,0.013837890625
229,-15.14019775390625,-1.05548095703125,337.5052490234375,327.19622802734375,0.05183921455536913,0.013460286458333333
230,-15.05352783203125,-1.073089599609375,337.4853820800781,327.1420593261719,0.05193654309983222,0.01369140625
231,-14.58465576171875,-1.1029205322265625,337.49200439453125,327.14910888671875,0.051824205641778524,0.013522135416666666
232,-14.66302490234375,-1.029083251953125,337.5399169921875,327.14178466796875,0.051903707005033564,0.013642578125
233,-14.762680053710938,-1.0655975341796875,337.492919921875,327.1242370605469,0.05291042380136986,0.013463541666666667
234,-15.1962890625,-1.011444091796875,337.4941101074219,327.1211853027344,0.052947145226883555,0.013564453125
235,-15.1962890625,-1.011444091796875,337.4834899902344,327.1429138183594,0.052907614511986306,0.013483072916666667
236,-15.1962890625,-0.879364013671875,337.474609375,327.13641357421875,0.05291457084760273,0.013505859375
237,-14.9520263671875,-0.87628173828125,337.46636962890625,327.119873046875,0.05184026321308727,0.013447265625
238,-14.9520263671875,-0.817657470703125,337.48358154296875,327.1368103027344,0.05186444788171142,0.013434244791666666
239,-14.932220458984375,-0.829010009765625,337.4803161621094,327.14385986328125,0.05182984217701343,0.013421223958333334
240,-15.047271728515625,-0.84326171875,337.4951477050781,327.15277099609375,0.04980544354838708,0.0134375
241,-14.955184936523438,-0.8626708984375,337.5103759765625,327.1142578125,0.04969241431451612,0.013287760416666667
242,-15.630035400390625,-1.0232696533203125,337.510986328125,327.1449279785156,0.04980752268145159,0.013522135416666666
243,-15.561767578125,-0.864990234375,337.5074157714844,327.1417541503906,0.04974193548387095,0.013492838541666666
244,-15.45965576171875,-0.871337890625,337.5077209472656,327.1361389160156,0.049843119959677405,0.013603515625
245,-15.022293090820312,-0.931427001953125,337.5406188964844,327.3051452636719,0.05282721532534248,0.01357421875
246,-15.269622802734375,-1.0557708740234375,337.5239562988281,327.35589599609375,0.05419559932255245,0.01390625
247,-15.773941040039062,-1.014678955078125,337.5843505859375,327.4911193847656,0.05424770541958043,0.013942057291666667
248,-15.405227661132812,-1.0566253662109375,337.596923828125,327.4581298828125,0.054462071131993015,0.014296875
249,-16.265777587890625,-0.991302490234375,337.6827087402344,327.5509033203125,0.05449696787587413,0.01453125
250,-15.480575561523438,-1.0884246826171875,337.7191162109375,327.6433410644531,0.05468989018793707,0.014947916666666667
251,-14.7137451171875,-1.2728271484375,337.75909423828125,327.6127624511719,0.0535355575770548,0.014768880208333333
252,-14.263427734375,-1.249664306640625,337.8116760253906,327.56878662109375,0.05378484856592467,0.01552734375
253,-14.471405029296875,-1.304656982421875,337.7857666015625,327.6074523925781,0.05361702696917809,0.015182291666666667
254,-14.767578125,-1.158416748046875,337.8459777832031,327.5588073730469,0.05375963184931507,0.015377604166666666
255,-15.46331787109375,-1.4115753173828125,337.81976318359375,327.5816650390625,0.0536234482020548,0.015250651041666667
256,-14.694244384765625,-1.3025970458984375,337.8221740722656,327.5574035644531,0.05366117294520548,0.015234375
257,-15.031585693359375,-1.2869110107421875,337.8108215332031,327.5692443847656,0.05361789651113014,0.015182291666666667
258,-14.654800415039062,-1.1739349365234375,337.8097229003906,327.5261535644531,0.052543126048657726,0.015198567708333333
259,-14.982452392578125,-1.130401611328125,337.77667236328125,327.5489196777344,0.0524936425125839,0.015094401041666667
260,-14.992568969726562,-1.1734466552734375,337.80511474609375,327.5592956542969,0.052569670197147665,0.015159505208333333
261,-14.836578369140625,-1.21661376953125,337.78277587890625,327.548583984375,0.05248295931208054,0.015022786458333333
262,-14.934951782226562,-1.224700927734375,337.7786865234375,327.54669189453125,0.052577207424496654,0.01529296875
263,-14.478729248046875,-1.22930908203125,337.7762451171875,327.5482482910156,0.0525446990352349,0.015247395833333333
264,-13.949050903320312,-1.28985595703125,337.79962158203125,327.5137023925781,0.05062607106854837,0.015084635416666667
265,-14.291961669921875,-1.318084716796875,337.787353515625,327.51678466796875,0.05055682963709676,0.014947916666666667
266,-14.113723754882812,-1.27410888671875,337.8002014160156,327.49578857421875,0.05062506300403224,0.015113932291666667
267,-14.325897216796875,-1.2075958251953125,337.8017272949219,327.5104675292969,0.05056023185483868,0.014905598958333334
268,-14.357666015625,-1.2727508544921875,337.8099365234375,327.53851318359375,0.05065114667338708,0.015146484375
269,-14.223724365234375,-1.1419677734375,337.75115966796875,327.56231689453125,0.050502709173387075,0.014817708333333334
270,-13.283843994140625,-1.09674072265625,337.697509765625,327.59490966796875,0.0505552545362903,0.015035807291666667
271,-14.271240234375,-1.064544677734375,337.674560546875,327.5658264160156,0.05254515782298658,0.014934895833333333
272,-14.0980224609375,-1.078521728515625,337.711181640625,327.5806884765625,0.052729918204697995,0.0151953125
273,-14.129714965820312,-1.0015716552734375,337.6266784667969,327.52764892578125,0.05264805736157719,0.015071614583333334
274,-14.3956298828125,-0.8270263671875,337.5791931152344,327.4911804199219,0.05383086740154109,0.015276692708333333
275,-13.97137451171875,-0.8826904296875,337.5389709472656,327.4736022949219,0.05269590236996645,0.015309244791666666
276,-14.848724365234375,-1.1646728515625,337.49359130859375,327.468505859375,0.05258756291946309,0.014563802083333334
277,-14.930404663085938,-1.095977783203125,337.46636962890625,327.4427795410156,0.0524286912751678,0.014560546875
278,-14.9444580078125,-0.995941162109375,337.40057373046875,327.2864990234375,0.052601326552013425,0.014811197916666666
279,-14.073944091796875,-1.09417724609375,337.3819885253906,327.3356628417969,0.05245890572567116,0.014534505208333333
280,-14.9481201171875,-0.96795654296875,337.388427734375,327.2533264160156,0.05244455222315437,0.0146484375
281,-15.1427001953125,-0.9543914794921875,337.40972900390625,327.168212890625,0.053271484375,0.014264322916666667
282,-15.220993041992188,-1.1348724365234375,337.42352294921875,327.1727294921875,0.05013281249999998,0.014049479166666667
283,-15.501815795898438,-0.9951629638671875,337.401123046875,327.168212890625,0.050040070564516106,0.013870442708333333
284,-15.533721923828125,-0.9951629638671875,337.4051513671875,327.17315673828125,0.05005865675403224,0.013841145833333334
285,-15.538619995117188,-0.95660400390625,337.3963317871094,327.1675720214844,0.05003175403225804,0.013772786458333333
286,-16.013916015625,-0.8654632568359375,337.4027099609375,327.17071533203125,0.050024004536290294,0.013870442708333333
287,-16.018234252929688,-0.8118133544921875,337.4187927246094,327.15399169921875,0.049956842237903205,0.01369140625
288,-15.374221801757812,-0.8011474609375,337.3853454589844,327.18182373046875,0.051798054739932896,0.013336588541666666
289,-15.540283203125,-0.815185546875,337.4330139160156,327.1753845214844,0.04967080393145159,0.013089192708333334
290,-15.512542724609375,-0.78125,337.4248352050781,327.1561584472656,0.049793850806451594,0.013255208333333334
291,-15.07135009765625,-0.924285888671875,337.4193115234375,327.1700439453125,0.05173533190016778,0.013193359375
292,-15.07098388671875,-0.957489013671875,337.41717529296875,327.1678466796875,0.051801528418624156,0.013336588541666666
293,-14.949554443359375,-0.934173583984375,337.4248352050781,327.1528015136719,0.05175388003355705,0.013154296875
294,-14.881439208984375,-0.830108642578125,337.4250793457031,327.1767883300781,0.05180526426174497,0.013291015625
295,-15.034820556640625,-0.861846923828125,337.4250793457031,327.1768493652344,0.051727794672818794,0.013294270833333333
296,-14.6240234375,-0.82403564453125,337.44793701171875,327.182861328125,0.05181752044882551,0.013421223958333334
297,-14.736892700195312,-0.93414306640625,337.38812255859375,327.1230163574219,0.04979366179435482,0.013512369791666666
298,-14.74505615234375,-0.830780029296875,337.31195068359375,327.1587829589844,0.05204697986577182,0.013873697916666667
299,-14.479736328125,-0.99859619140625,337.22430419921875,327.1163330078125,0.05198563338926175,0.013880208333333333
300,-15.3392333984375,-0.94561767578125,337.26434326171875,327.08209228515625,0.04732082459984757,0.013444010416666667
301,-15.243927001953125,-0.952728271484375,337.19696044921875,327.0008239746094,0.04895847755142404,0.013069661458333333
302,-14.913604736328125,-0.910003662109375,337.1731262207031,326.94647216796875,0.05208886063338927,0.013528645833333333
303,-14.9024658203125,-0.95794677734375,337.1543273925781,327.0386962890625,0.05191937132969798,0.013271484375
304,-15.427276611328125,-0.900665283203125,337.14703369140625,327.0710144042969,0.049036478935917706,0.013375651041666667
305,-15.421295166015625,-0.90087890625,337.1523742675781,327.03546142578125,0.04900532782832278,0.013352864583333334
306,-15.427276611328125,-0.923126220703125,337.1492614746094,327.0448303222656,0.049076653975474664,0.013531901041666667
307,-15.427276611328125,-0.897735595703125,337.171142578125,327.0532531738281,0.049027702234968336,0.013470052083333333
308,-15.427276611328125,-0.82965087890625,337.176513671875,327.0639953613281,0.04907449070411392,0.013629557291666667
309,-15.750198364257812,-0.852752685546875,337.15625,327.0487976074219,0.049033821202531636,0.013597005208333334
310,-15.6707763671875,-0.882659912109375,337.1604309082031,327.0434265136719,0.04905854430379747,0.013583984375
311,-15.49603271484375,-0.94586181640625,337.1671447753906,327.04571533203125,0.0490544649920886,0.013662109375
312,-15.833831787109375,-0.844085693359375,337.1640930175781,327.04083251953125,0.0530203205265411,0.013678385416666666
313,-15.336105346679688,-1.013153076171875,337.21221923828125,327.0294189453125,0.05290373501712328,0.013619791666666667
314,-15.702377319335938,-0.9684600830078125,337.1802978515625,327.044189453125,0.05308326198630137,0.013655598958333333
315,-15.584259033203125,-0.871490478515625,337.1815185546875,327.0323791503906,0.05301951787243151,0.013675130208333334
316,-15.383132934570312,-0.90301513671875,337.2133483886719,327.0464172363281,0.0531097495719178,0.013766276041666666
317,-15.37860107421875,-1.0341796875,337.2568054199219,327.044189453125,0.05300540453767123,0.013561197916666667
318,-15.683135986328125,-0.9810791015625,337.2877197265625,327.0293884277344,0.05306279430650685,0.01353515625
319,-15.1903076171875,-1.0627593994140625,337.3080749511719,327.0249328613281,0.055223563058035705,0.013463541666666667
320,-14.736984252929688,-1.1543731689453125,337.3631896972656,327.0438232421875,0.0553549107142857,0.013854166666666667
321,-14.883529663085938,-0.96044921875,337.44964599609375,327.0687255859375,0.055276227678571425,0.013756510416666666
322,-15.002822875976562,-1.2339935302734375,337.4888000488281,327.1133117675781,0.05001757812499998,0.014013671875
323,-14.7276611328125,-1.00958251953125,337.5628967285156,327.1323547363281,0.05189105757130873,0.013782552083333333
324,-14.810150146484375,-1.06005859375,337.48828125,327.0892639160156,0.05293871735873287,0.01349609375
325,-14.69854736328125,-1.011810302734375,337.50640869140625,327.0877685546875,0.05280748341181507,0.013274739583333334
326,-14.8209228515625,-1.08575439453125,337.47735595703125,327.0975036621094,0.052906811857876705,0.013444010416666667
327,-15.104049682617188,-1.086517333984375,337.4933166503906,327.0887145996094,0.0528175834760274,0.013255208333333334
328,-14.921920776367188,-1.036346435546875,337.48394775390625,327.111083984375,0.0529076145119863,0.0134375
329,-14.921920776367188,-1.100311279296875,337.49261474609375,327.09088134765625,0.052842599529109587,0.013323567708333333
330,-14.8927001953125,-0.999053955078125,337.50628662109375,327.102294921875,0.05292513912671234,0.013557942708333333
331,-15.1656494140625,-1.136322021484375,337.49139404296875,327.0938720703125,0.052867950021404105,0.013356119791666666
332,-15.1937255859375,-1.1055908203125,337.49273681640625,327.10076904296875,0.05290119327910958,0.01337890625
333,-15.202667236328125,-1.102325439453125,337.4670715332031,327.12432861328125,0.052863869863013696,0.013330078125
334,-15.29376220703125,-1.100738525390625,337.4989013671875,327.0905456542969,0.05292768086472604,0.013548177083333333
335,-15.03717041015625,-1.08880615234375,337.5009765625,327.1004638671875,0.05288233090753424,0.013473307291666667
336,-14.828704833984375,-0.682861328125,337.4974670410156,327.095947265625,0.05179549863674498,0.013479817708333333
337,-15.00494384765625,-0.7874755859375,337.5089111328125,327.1006164550781,0.051703085675335575,0.013317057291666667
338,-15.211517333984375,-0.825714111328125,337.53045654296875,327.09515380859375,0.05179746486996644,0.013430989583333334
339,-15.8526611328125,-0.995849609375,337.5293884277344,327.2536315917969,0.05273283657962329,0.013193359375
340,-14.366058349609375,-0.892364501953125,337.511474609375,327.3751220703125,0.05304995184075343,0.013763020833333334
341,-14.409164428710938,-1.0681915283203125,337.541015625,327.41241455078125,0.05197842386744968,0.013837890625
342,-14.711135864257812,-1.035369873046875,337.60125732421875,327.4078063964844,0.05217642355285237,0.014091796875
343,-15.388336181640625,-0.9952392578125,337.6719055175781,327.46923828125,0.05331736943493151,0.0143359375
344,-15.10772705078125,-1.007720947265625,337.68670654296875,327.60089111328125,0.0534574325770548,0.014759114583333333
345,-15.10772705078125,-0.8880615234375,337.7388610839844,327.6078796386719,0.05343408872003424,0.014775390625
346,-14.679840087890625,-1.0496826171875,337.8038330078125,327.604736328125,0.054733596481643366,0.015208333333333334
347,-15.210433959960938,-1.028717041015625,337.7999267578125,327.54998779296875,0.0547104458041958,0.01517578125
348,-15.191009521484375,-1.173126220703125,337.8105163574219,327.55780029296875,0.053822907748287664,0.015078125
349,-15.871536254882812,-1.31256103515625,337.8265380859375,327.54632568359375,0.052526544148489944,0.01462890625
350,-15.127883911132812,-1.14459228515625,337.8060607910156,327.5648193359375,0.05266516359060404,0.015065104166666666
351,-14.722503662109375,-1.15228271484375,337.8289794921875,327.5277404785156,0.05260014681208055,0.014967447916666666
352,-14.8052978515625,-1.0854644775390625,337.8115539550781,327.542724609375,0.052623086199664444,0.015068359375
353,-14.653961181640625,-1.120880126953125,337.837158203125,327.5187072753906,0.05260008127097316,0.015032552083333333
354,-14.792388916015625,-1.095733642578125,337.8315734863281,327.517333984375,0.052687513108221486,0.015107421875
355,-15.00506591796875,-1.110321044921875,337.81866455078125,327.5039367675781,0.05261259962248324,0.014925130208333333
356,-14.498916625976562,-1.0987396240234375,337.8431701660156,327.5073547363281,0.05269079016359061,0.01513671875
357,-14.427764892578125,-1.08819580078125,337.81756591796875,327.49530029296875,0.05262275849412752,0.015032552083333333
358,-14.547393798828125,-1.1585540771484375,337.8319091796875,327.49859619140625,0.0526577574454698,0.015182291666666667
359,-14.43414306640625,-1.14642333984375,337.82012939453125,327.4978332519531,0.05263914377097316,0.015091145833333333
360,-14.524200439453125,-1.036163330078125,337.8175354003906,327.478759765625,0.05060307459677418,0.015192057291666667
361,-14.345947265625,-1.138702392578125,337.8067932128906,327.5024108886719,0.050494455645161265,0.014947916666666667
362,-14.501007080078125,-1.2484588623046875,337.8119812011719,327.4830017089844,0.052612861786912754,0.015152994791666667
363,-14.583816528320312,-1.079132080078125,337.7842102050781,327.5204162597656,0.0525169096057047,0.01501953125
364,-14.487548828125,-1.276336669921875,337.6932373046875,327.53887939453125,0.052610240142617455,0.015139973958333334
365,-14.358642578125,-1.09326171875,337.6929626464844,327.5061340332031,0.05250950346057048,0.015052083333333334
366,-14.35113525390625,-1.1375732421875,337.6903991699219,327.480224609375,0.05265841285654363,0.015325520833333333
367,-14.2325439453125,-1.09332275390625,337.6650390625,327.47576904296875,0.0526006711409396,0.01505859375
368,-14.2928466796875,-1.070709228515625,337.6390686035156,327.4862060546875,0.052768587458053705,0.015514322916666667
369,-14.193511962890625,-0.940643310546875,337.6114196777344,327.47979736328125,0.053720703125,0.015120442708333333
370,-14.155364990234375,-0.859771728515625,337.5171203613281,327.464599609375,0.053812740796232876,0.015257161458333333
371,-14.216796875,-0.912506103515625,337.4424743652344,327.3753356933594,0.05368933272688357,0.015296223958333334
372,-14.991790771484375,-0.928924560546875,337.447509765625,327.328369140625,0.04946882416930378,0.014401041666666666
373,-14.4278564453125,-1.07000732421875,337.3801574707031,327.34490966796875,0.05227860213926176,0.014143880208333333
374,-15.8465576171875,-1.0411376953125,337.3690185546875,327.27783203125,0.052407849203020135,0.014339192708333334
375,-15.783111572265625,-0.90435791015625,337.3778991699219,327.14520263671875,0.052150731438758396,0.014137369791666667
376,-15.506683349609375,-1.029541015625,337.3996887207031,327.1536560058594,0.052080995700503355,0.01390625
377,-15.490509033203125,-1.069580078125,337.3971862792969,327.1488952636719,0.05202213978607383,0.013772786458333333
378,-15.490509033203125,-1.072265625,337.4185485839844,327.151123046875,0.050011088709677395,0.013665364583333334
379,-15.0732421875,-1.03765869140625,337.42547607421875,327.1574401855469,0.051995595637583915,0.013655598958333333
380,-15.490509033203125,-1.027008056640625,337.4127197265625,327.1479187011719,0.05201270186661075,0.01359375
381,-15.285049438476562,-1.054962158203125,337.413330078125,327.1540832519531,0.05198196308724833,0.013610026041666667
382,-15.314178466796875,-0.998046875,337.41461181640625,327.1454162597656,0.05202082896392619,0.013671875
383,-15.690597534179688,-0.981170654296875,337.41961669921875,327.13214111328125,0.0519561398909396,0.013600260416666666
384,-15.51910400390625,-0.879180908203125,337.42657470703125,327.1468505859375,0.04986095010080643,0.013160807291666667
385,-15.837600708007812,-0.99688720703125,337.4325866699219,327.1275329589844,0.04879647943037974,0.013138020833333333
386,-15.220611572265625,-0.951416015625,337.4305419921875,327.1271667480469,0.048886904173259485,0.013229166666666667
387,-15.44415283203125,-0.80523681640625,337.4312744140625,327.1490173339844,0.048792338310917706,0.013072916666666667
388,-15.534515380859375,-0.89202880859375,337.4503479003906,327.1434326171875,0.04891385235363924,0.013274739583333334
389,-15.61669921875,-0.92364501953125,337.426513671875,327.1589050292969,0.04978068296370965,0.013216145833333333
390,-15.903228759765625,-0.89202880859375,337.4740905761719,327.16107177734375,0.04983064516129031,0.013268229166666666
391,-15.72509765625,-0.829193115234375,337.4066467285156,327.0951232910156,0.05181942114093962,0.013297526041666667
392,-15.72509765625,-0.8619384765625,337.34698486328125,327.1138610839844,0.051982815121644314,0.01349609375
393,-15.389144897460938,-0.858612060546875,337.2856750488281,327.0874938964844,0.05299175941780822,0.013548177083333333
394,-15.955886840820312,-0.861114501953125,337.21466064453125,327.07208251953125,0.05315556774400686,0.013671875
395,-15.543411254882812,-1.0395660400390625,337.1719665527344,327.0147705078125,0.05203249528104028,0.013779296875
396,-15.270889282226562,-0.8897552490234375,337.1108093261719,326.9715576171875,0.05310025149828767,0.013479817708333333
397,-15.694198608398438,-1.1244659423828125,337.1768493652344,327.0244445800781,0.05292447024828766,0.013317057291666667
398,-15.58209228515625,-1.0365753173828125,337.2102355957031,327.0724182128906,0.054164868334790214,0.013453776041666667
399,-15.58209228515625,-1.002471923828125,337.1968688964844,327.0581359863281,0.054095348011363634,0.013336588541666666
400,-15.5631103515625,-1.1813812255859375,337.1956787109375,327.0534362792969,0.05417811680506993,0.013408203125
401,-15.57598876953125,-1.084747314453125,337.1794128417969,327.0512390136719,0.05413065450174825,0.013382161458333333
402,-15.561538696289062,-1.1053619384765625,337.1942443847656,327.0337829589844,0.05420796000874126,0.013548177083333333
403,-15.465789794921875,-1.017730712890625,337.2164306640625,327.0063781738281,0.054148068728146856,0.013463541666666667
404,-15.4515380859375,-1.07586669921875,337.1845703125,327.0417175292969,0.053083128210616434,0.01359375
405,-15.49053955078125,-1.050567626953125,337.19586181640625,327.0230712890625,0.053049149186643836,0.013414713541666666
406,-15.49053955078125,-1.112548828125,337.1846923828125,327.021728515625,0.05306199165239725,0.013463541666666667
407,-15.359100341796875,-1.044677734375,337.1903381347656,327.0121154785156,0.05301757812499999,0.013365885416666667
408,-15.383834838867188,-1.1920013427734375,337.17608642578125,327.0335693359375,0.05193555998322148,0.013483072916666667
409,-15.4105224609375,-1.147491455078125,337.1826171875,327.0517272949219,0.052890491224315064,0.013317057291666667
410,-15.422393798828125,-1.1025238037109375,337.2321472167969,327.0566711425781,0.054103474650349655,0.013557942708333333
411,-15.404998779296875,-1.01129150390625,337.28826904296875,327.1032409667969,0.05284641213613014,0.0133203125
412,-15.428070068359375,-1.008331298828125,337.330322265625,327.016357421875,0.0552896205357143,0.013551432291666667
413,-15.4195556640625,-0.9920654296875,337.3648376464844,327.0215148925781,0.05522495814732144,0.0134765625
414,-15.627334594726562,-1.1016387939453125,337.4591064453125,327.0389099121094,0.05534019252232142,0.013645833333333333
415,-14.912750244140625,-0.9139404296875,337.48504638671875,327.064697265625,0.052976776541095894,0.013675130208333334
416,-15.677154541015625,-1.11627197265625,337.5396728515625,327.11468505859375,0.05414499562937062,0.013899739583333333
417,-15.673492431640625,-1.076141357421875,337.49884033203125,327.0789794921875,0.05399256993006995,0.013583984375
418,-14.940139770507812,-0.8470306396484375,337.51409912109375,327.0686340332031,0.054059631774475536,0.01365234375
419,-15.140548706054688,-0.97772216796875,337.4942932128906,327.0460205078125,0.05399147727272727,0.0134765625
420,-14.901321411132812,-0.9524383544921875,337.4893798828125,327.0698547363281,0.051830038800335584,0.013173828125
421,-15.25225830078125,-0.85003662109375,337.4814758300781,327.0369567871094,0.05172110947986577,0.012978515625
422,-14.59600830078125,-1.051910400390625,337.4959411621094,327.0787353515625,0.05180578859060402,0.013076171875
423,-15.0472412109375,-1.042999267578125,337.49578857421875,327.0789489746094,0.05176960989932886,0.013053385416666667
424,-15.0472412109375,-1.0146636962890625,337.50360107421875,327.0787658691406,0.051854682256711415,0.013177083333333334
425,-13.9996337890625,-1.00927734375,337.49627685546875,327.0937194824219,0.05178914114932887,0.013092447916666666
426,-14.269943237304688,-0.9663848876953125,337.49188232421875,327.0785827636719,0.051846751782718116,0.013170572916666666
427,-14.663665771484375,-1.04107666015625,337.4945068359375,327.0840148925781,0.051799103397651015,0.013111979166666666
428,-14.892379760742188,-1.04107666015625,337.49737548828125,327.103759765625,0.051838362520973166,0.013151041666666667
429,-14.50555419921875,-1.06231689453125,337.4975891113281,327.0957946777344,0.05177793361996645,0.013001302083333333
430,-14.5653076171875,-0.977325439453125,337.4896545410156,327.09991455078125,0.04981401209677417,0.013095703125
431,-14.367111206054688,-1.0245819091796875,337.5125427246094,327.0806579589844,0.05179949664429531,0.013050130208333333
432,-15.37677001953125,-0.929595947265625,337.49945068359375,327.1662292480469,0.04989535030241934,0.013382161458333333
433,-14.465179443359375,-1.16021728515625,337.53765869140625,327.2963562011719,0.05393035675262238,0.013359375
434,-14.98297119140625,-1.08135986328125,337.52313232421875,327.4082336425781,0.05426846590909091,0.013828125
435,-14.695465087890625,-1.118927001953125,337.6255798339844,327.39630126953125,0.05541469029017858,0.013883463541666667
436,-14.9228515625,-1.0244903564453125,337.5953369140625,327.45233154296875,0.054505162805944064,0.014150390625
437,-14.695465087890625,-1.01727294921875,337.6452331542969,327.5240173339844,0.05336318760702055,0.014280598958333333
438,-14.06085205078125,-1.2392578125,337.71844482421875,327.56939697265625,0.05468285620629371,0.014733072916666666
439,-14.388290405273438,-1.256927490234375,337.77899169921875,327.5820007324219,0.05242253041107383,0.014596354166666667
440,-15.1038818359375,-1.249298095703125,337.838623046875,327.5805358886719,0.05360665935359589,0.015022786458333333
441,-15.155441284179688,-1.2175140380859375,337.85308837890625,327.57269287109375,0.053605789811643836,0.015013020833333333
442,-15.2847900390625,-1.2327117919921875,337.81011962890625,327.55517578125,0.053723846853595894,0.015384114583333334
443,-14.913681030273438,-1.1722869873046875,337.8245849609375,327.5468444824219,0.05251101090604027,0.014977213541666666
444,-14.317047119140625,-1.1324615478515625,337.8302001953125,327.51605224609375,0.049551337519778464,0.014973958333333334
445,-14.000701904296875,-1.1309814453125,337.8213195800781,327.5244445800781,0.04943860017800633,0.014599609375
446,-13.994598388671875,-1.062469482421875,337.8314208984375,327.4934997558594,0.049549854133702526,0.014889322916666666
447,-13.297592163085938,-1.0409698486328125,337.8231506347656,327.5146484375,0.04948526503164556,0.01470703125
448,-13.502166748046875,-1.110626220703125,337.8394470214844,327.5039367675781,0.04957439181170886,0.014886067708333334
449,-14.062957763671875,-0.999542236328125,337.8456726074219,327.4926452636719,0.049530322883702516,0.014847005208333333
450,-14.1534423828125,-1.129119873046875,337.830322265625,327.47332763671875,0.04955813637262657,0.014817708333333334
451,-14.32391357421875,-1.16375732421875,337.8209228515625,327.488037109375,0.04954083020174049,0.014729817708333334
452,-14.543304443359375,-1.16656494140625,337.8222351074219,327.4872131347656,0.049575071696993656,0.014798177083333334
453,-14.543304443359375,-1.08477783203125,337.8154602050781,327.48626708984375,0.049553686214398714,0.01482421875
454,-14.543304443359375,-1.088623046875,337.8169250488281,327.4869079589844,0.04959417029272151,0.014876302083333333
455,-14.747344970703125,-1.091644287109375,337.8116149902344,327.4842834472656,0.049580634394778486,0.014873046875
456,-14.696441650390625,-1.203338623046875,337.794677734375,327.47216796875,0.05373127140410959,0.015201822916666666
457,-14.696441650390625,-1.167724609375,337.7303771972656,327.5264587402344,0.05244311031879194,0.0148046875
458,-15.23760986328125,-1.180816650390625,337.75213623046875,327.53680419921875,0.05254122535654363,0.0150390625
459,-14.9619140625,-1.257293701171875,337.6971435546875,327.48907470703125,0.052431312919463104,0.014833984375
460,-14.36602783203125,-1.23760986328125,337.6734619140625,327.4615478515625,0.05061076108870966,0.015146484375
461,-14.743011474609375,-1.134429931640625,337.6396179199219,327.4283142089844,0.053666657748287674,0.014973958333333334
462,-14.412994384765625,-0.978668212890625,337.5703125,327.467529296875,0.053774949165239706,0.015270182291666667
463,-14.43414306640625,-1.278717041015625,337.6024475097656,327.4296569824219,0.05258848049496645,0.014983723958333334
464,-14.419647216796875,-1.072998046875,337.5127258300781,327.40740966796875,0.053764581549657534,0.01515625
465,-13.938232421875,-1.07354736328125,337.468017578125,327.3935241699219,0.05255053219379195,0.014944661458333333
466,-14.255828857421875,-1.246002197265625,337.4209289550781,327.2657775878906,0.0536763564854452,0.014928385416666667
467,-14.015457153320312,-1.1677093505859375,337.4141845703125,327.2610168457031,0.05344980736301371,0.014651692708333334
468,-15.196807861328125,-0.7908935546875,337.3571472167969,327.2292785644531,0.05005909778225804,0.013743489583333334
469,-15.310211181640625,-0.8355560302734375,337.3897705078125,327.1219482421875,0.04986832157258062,0.013330078125
470,-14.880630493164062,-0.917572021484375,337.4131774902344,327.1554260253906,0.051930185612416115,0.01349609375
471,-15.15283203125,-1.091339111328125,337.4205017089844,327.163330078125,0.051847472734899334,0.0133203125
472,-14.94207763671875,-0.971221923828125,337.4373779296875,327.1412353515625,0.05187860476090605,0.013365885416666667
473,-15.044677734375,-0.976348876953125,337.4130859375,327.1571350097656,0.05182990771812081,0.013317057291666667
474,-15.044677734375,-0.89190673828125,337.4316101074219,327.1681823730469,0.05189800492869128,0.013463541666666667
475,-14.998077392578125,-0.866058349609375,337.4292907714844,327.1528015136719,0.051829252307046984,0.013317057291666667
476,-14.998077392578125,-0.866058349609375,337.4388427734375,327.1553955078125,0.049897114415322553,0.01345703125
477,-15.347396850585938,-0.902557373046875,337.4300842285156,327.1492004394531,0.04987216481854836,0.013365885416666667
478,-14.808929443359375,-0.8934478759765625,337.4410400390625,327.154052734375,0.05190455903942953,0.013408203125
479,-15.339096069335938,-0.8828277587890625,337.4469909667969,327.146484375,0.05187847367869128,0.013284505208333333
480,-15.45025634765625,-0.898345947265625,337.420654296875,327.1219482421875,0.05289330051369863,0.013079427083333333
481,-15.963699340820312,-0.639434814453125,337.40667724609375,327.1216125488281,0.05277390571489725,0.012952473958333334
482,-15.621246337890625,-0.882965087890625,337.44207763671875,327.11700439453125,0.05183213611577182,0.013056640625
483,-15.508941650390625,-0.969573974609375,337.429931640625,327.1197509765625,0.05173657718120807,0.012981770833333333
484,-15.432220458984375,-0.834747314453125,337.4555969238281,327.09698486328125,0.052935372966609585,0.013199869791666667
485,-14.9945068359375,-0.84942626953125,337.352783203125,327.112548828125,0.052888819028253424,0.013229166666666667
486,-15.135406494140625,-0.853302001953125,337.3253173828125,327.0898132324219,0.054187814138986025,0.0135546875
487,-14.464950561523438,-0.9050140380859375,337.2779541015625,327.0692138671875,0.05411487926136363,0.013662109375
488,-14.96295166015625,-1.08056640625,337.19512939453125,327.010498046875,0.05428294361888112,0.013961588541666667
489,-15.086822509765625,-1.1500701904296875,337.1465148925781,326.95770263671875,0.05420830146416084,0.013902994791666666
490,-15.299072265625,-1.0235595703125,337.1928405761719,326.9799499511719,0.05430759670017482,0.013974609375
491,-15.219940185546875,-0.959228515625,337.1509704589844,327.0561218261719,0.0541295618444056,0.013821614583333334
492,-15.41815185546875,-1.08062744140625,337.1426696777344,327.04705810546875,0.05298259578339041,0.013369140625
493,-15.407012939453125,-1.046844482421875,337.1729431152344,327.041259765625,0.05288641106592466,0.013336588541666666
494,-15.356170654296875,-0.947418212890625,337.1918640136719,327.0220031738281,0.05301162510702054,0.01349609375
495,-15.3839111328125,-1.092071533203125,337.180419921875,327.0399475097656,0.052923065603595894,0.013330078125
496,-15.231109619140625,-0.97674560546875,337.180419921875,327.05206298828125,0.05299777932363014,0.0134765625
497,-15.29766845703125,-0.97674560546875,337.1635437011719,327.0351257324219,0.052939586900684926,0.013313802083333333
498,-15.05963134765625,-1.092071533203125,337.1785888671875,327.04425048828125,0.0541015625,0.013326822916666667
499,-15.273956298828125,-1.0438995361328125,337.1718444824219,327.0398864746094,0.05411146470716782,0.013414713541666666
500,-15.29766845703125,-0.959930419921875,337.1767883300781,327.02435302734375,0.054137551901223775,0.013450520833333333
501,-14.99798583984375,-0.981292724609375,337.1738586425781,327.0300598144531,0.05191347263003356,0.013326822916666667
502,-15.232879638671875,-0.987335205078125,337.188232421875,327.0082702636719,0.05196164534395975,0.013522135416666666
503,-15.702468872070312,-1.1430206298828125,337.15802001953125,327.0250244140625,0.05193077548238256,0.013450520833333333
504,-15.20281982421875,-1.1884613037109375,337.19488525390625,327.0496826171875,0.052927814640410964,0.013326822916666667
505,-14.808486938476562,-1.029937744140625,337.22821044921875,327.0173034667969,0.053873743444055947,0.013098958333333334
506,-14.979873657226562,-1.0935821533203125,337.289794921875,327.01385498046875,0.05406058784965034,0.013401692708333333
507,-14.9373779296875,-0.8535614013671875,337.3182678222656,327.0049743652344,0.055083147321428556,0.013229166666666667
508,-15.2191162109375,-0.891510009765625,337.41436767578125,327.06512451171875,0.05529275948660713,0.01357421875
509,-15.4542236328125,-1.0747528076171875,337.4786376953125,327.0553283691406,0.05515478515624998,0.013359375
510,-15.28399658203125,-1.207916259765625,337.5265197753906,327.0858154296875,0.053029684824486306,0.013723958333333333
511,-15.375213623046875,-0.862030029296875,337.5418395996094,327.1106262207031,0.05285015785530821,0.013414713541666666
512,-14.635971069335938,-0.875579833984375,337.5127258300781,327.0378112792969,0.05402295946241259,0.013414713541666666
513,-15.487640380859375,-0.928680419921875,337.50262451171875,327.0599365234375,0.053934385926573424,0.013330078125
514,-15.487640380859375,-0.918701171875,337.5112609863281,327.0636291503906,0.05399263822115385,0.013388671875
515,-14.95782470703125,-0.99639892578125,337.5082092285156,327.06744384765625,0.051758992239932904,0.013294270833333333
516,-14.984588623046875,-0.80712890625,337.4930419921875,327.0762939453125,0.05183678953439597,0.013411458333333333
517,-15.760757446289062,-0.814727783203125,337.5019836425781,327.0816650390625,0.051710753984899334,0.013258463541666666
518,-15.0128173828125,-0.887847900390625,337.5234069824219,327.0887451171875,0.05290139394263699,0.013313802083333333
519,-15.274261474609375,-0.9119415283203125,337.4667053222656,327.0851135253906,0.05277323683647261,0.013186848958333334
520,-15.05145263671875,-0.900634765625,337.485595703125,327.1083068847656,0.05285109428510275,0.013190104166666666
521,-14.858291625976562,-0.836273193359375,337.5091857910156,327.099853515625,0.05278989190924658,0.013147786458333333
522,-15.185653686523438,-0.79534912109375,337.4881286621094,327.09344482421875,0.05285985659246575,0.013219401041666667
523,-15.51983642578125,-0.8029327392578125,337.5010681152344,327.08074951171875,0.05279323630136986,0.013063151041666667
524,-15.185653686523438,-0.8846282958984375,337.5008544921875,327.1114196777344,0.052876377889554786,0.013229166666666667
525,-14.8677978515625,-0.8722076416015625,337.5086364746094,327.1298522949219,0.05282219873715754,0.013134765625
526,-14.922286987304688,-0.851470947265625,337.5139465332031,327.146728515625,0.0540612024694056,0.013365885416666667
527,-15.793243408203125,-0.912078857421875,337.5295715332031,327.2760009765625,0.05515952845982143,0.013466796875
528,-15.051788330078125,-1.04522705078125,337.5192565917969,327.2986145019531,0.05229577390939598,0.014619140625
529,-14.69097900390625,-1.0485687255859375,337.5704040527344,327.4556884765625,0.05321984696061645,0.014248046875
530,-14.34246826171875,-1.10986328125,337.61383056640625,327.4339904785156,0.05345248287671232,0.01470703125
531,-14.34490966796875,-1.12841796875,337.6610412597656,327.54766845703125,0.05239932885906041,0.014791666666666667
532,-14.52703857421875,-1.3631591796875,337.7417297363281,327.5928039550781,0.0537064560145548,0.015325520833333333
533,-14.170150756835938,-1.1171112060546875,337.7288818359375,327.5497741699219,0.05363308005136986,0.01521484375
534,-14.2474365234375,-1.09881591796875,337.7591552734375,327.53045654296875,0.05272709993708054,0.015494791666666667
535,-14.841537475585938,-1.094207763671875,337.81658935546875,327.5165710449219,0.05272034920302015,0.015569661458333333
536,-15.456695556640625,-1.05712890625,337.8228454589844,327.5057678222656,0.052803455327181205,0.015732421875
537,-15.22955322265625,-1.26171875,337.8267822265625,327.5079040527344,0.0527043571728188,0.015501302083333333
538,-14.992446899414062,-1.25250244140625,337.80914306640625,327.490966796875,0.05277330641778524,0.015696614583333334
539,-14.891830444335938,-1.1565399169921875,337.7984619140625,327.4693298339844,0.05272788643036913,0.01564453125
540,-14.482254028320312,-1.0110015869140625,337.83258056640625,327.4072570800781,0.05287070050335572,0.015504557291666667
541,-14.281600952148438,-1.1612548828125,337.8235168457031,327.42755126953125,0.05271412279781881,0.01521484375
542,-14.379348754882812,-1.12066650390625,337.8109130859375,327.4284362792969,0.052851431417785255,0.015501302083333333
543,-14.263137817382812,-1.32867431640625,337.8256530761719,327.3841552734375,0.05275737992869128,0.015348307291666667
544,-14.396759033203125,-1.294403076171875,337.8275146484375,327.3968811035156,0.05288374318372484,0.015504557291666667
545,-14.854736328125,-1.4356231689453125,337.8096923828125,327.40350341796875,0.05282809878355706,0.015279947916666667
546,-14.318389892578125,-1.319061279296875,337.802734375,327.4168701171875,0.05289613045302014,0.015413411458333333
547,-14.266754150390625,-1.29168701171875,337.8123779296875,327.3852844238281,0.052868209941275175,0.015319010416666667
548,-13.1134033203125,-1.267578125,337.81402587890625,327.35711669921875,0.052934865247483226,0.015520833333333333
549,-13.897430419921875,-1.259796142578125,337.81805419921875,327.32635498046875,0.052888396602349,0.01533203125
550,-14.129150390625,-1.3245391845703125,337.8311767578125,327.3003845214844,0.04899389800077638,0.015374348958333334
551,-14.182937622070312,-1.2842559814453125,337.7396240234375,327.3082275390625,0.050816910282258036,0.015384114583333334
552,-14.514358520507812,-1.1054534912109375,337.6949462890625,327.3294372558594,0.05073046874999998,0.015361328125
553,-14.171401977539062,-1.2001190185546875,337.6874084472656,327.36102294921875,0.050630733366935465,0.015439453125
554,-13.941329956054688,-1.2054901123046875,337.6693420410156,327.32159423828125,0.05289272231543625,0.015657552083333335
555,-14.258560180664062,-1.0833587646484375,337.6171569824219,327.353271484375,0.0539336071275685,0.015732421875
556,-12.88104248046875,-1.18438720703125,337.54364013671875,327.33782958984375,0.05408952268835617,0.016119791666666668
557,-13.212356567382812,-1.21343994140625,337.5274963378906,327.3089904785156,0.053961365582191785,0.015719401041666668
558,-13.9305419921875,-1.2009124755859375,337.4408874511719,327.32586669921875,0.0540816299229452,0.015934244791666666
559,-14.457672119140625,-1.198944091796875,337.3821105957031,327.3437805175781,0.053974007384417814,0.01568033854166667
560,-14.981689453125,-1.162200927734375,337.3839416503906,327.300048828125,0.05407059342893834,0.015872395833333334
561,-13.52545166015625,-1.0284881591796875,337.3876953125,327.3560485839844,0.053900363869863015,0.015608723958333333
562,-14.325958251953125,-0.997314453125,337.3336181640625,327.2906494140625,0.05384906089469177,0.015279947916666667
563,-15.370758056640625,-1.20538330078125,337.4048767089844,327.2373962402344,0.053530407213184944,0.01466796875
564,-15.203338623046875,-0.902496337890625,337.3760070800781,327.2259521484375,0.049210344145569594,0.014046223958333333
565,-15.217727661132812,-0.8786468505859375,337.392333984375,327.22515869140625,0.0490996464596519,0.013821614583333334
566,-15.214630126953125,-0.936859130859375,337.4154357910156,327.24066162109375,0.04919915694224683,0.014072265625
567,-15.4853515625,-0.955902099609375,337.3968811035156,327.2417907714844,0.04915088508702531,0.013961588541666667
568,-16.074234008789062,-0.9490966796875,337.4182434082031,327.220458984375,0.049207995450949366,0.014049479166666667
569,-15.617156982421875,-0.86846923828125,337.400390625,327.2198486328125,0.05009022177419353,0.013824869791666666
570,-15.479278564453125,-1.013824462890625,337.4140625,327.22601318359375,0.05220381973573826,0.014029947916666667
571,-15.5662841796875,-0.985107421875,337.4300842285156,327.218017578125,0.05212582581795303,0.013929036458333334
572,-15.433349609375,-1.01165771484375,337.4296875,327.2333068847656,0.052162070050335574,0.013912760416666666
573,-15.11749267578125,-1.03759765625,337.4288635253906,327.2313537597656,0.05213283871644296,0.013922526041666666
574,-15.146026611328125,-1.115081787109375,337.44012451171875,327.2257080078125,0.05321569991438355,0.013916015625
575,-14.963577270507812,-1.07562255859375,337.4486389160156,327.2213439941406,0.05320473030821917,0.013854166666666667
576,-15.06671142578125,-0.868377685546875,337.47003173828125,327.1792297363281,0.05317055062071917,0.013880208333333333
577,-14.9571533203125,-0.890045166015625,337.48992919921875,327.1143798828125,0.053044667701198624,0.013671875
578,-14.490570068359375,-0.9539642333984375,337.4769287109375,327.11175537109375,0.05230796455536913,0.014251302083333334
579,-15.378463745117188,-0.93267822265625,337.3943786621094,327.0822448730469,0.0502474168346774,0.014137369791666667
580,-14.489501953125,-1.050933837890625,337.3360900878906,327.0777893066406,0.05047460937499997,0.014820963541666666
581,-14.490203857421875,-1.065521240234375,337.2637023925781,327.0068664550781,0.050475743447580615,0.014788411458333333
582,-14.606353759765625,-1.196563720703125,337.2207946777344,327.0630187988281,0.050581842237903206,0.015035807291666667
583,-15.194671630859375,-1.039825439453125,337.20928955078125,327.04559326171875,0.0536332138270548,0.014892578125
584,-14.411941528320312,-1.204132080078125,337.20037841796875,327.02398681640625,0.052582647336409404,0.01505859375
585,-15.172714233398438,-1.169830322265625,337.16973876953125,327.0586853027344,0.05247765048238256,0.01486328125
586,-14.963836669921875,-1.114471435546875,337.1756896972656,327.03729248046875,0.05251900692114095,0.014912109375
587,-15.272247314453125,-1.228607177734375,337.21466064453125,327.0505676269531,0.0524613962877517,0.01470703125
588,-15.941192626953125,-1.2330169677734375,337.242919921875,326.98382568359375,0.05343763377568494,0.014052734375
589,-15.491119384765625,-1.224945068359375,337.29296875,326.9902038574219,0.05334405768407535,0.013977864583333333
590,-15.572280883789062,-1.18072509765625,337.28125,326.97515869140625,0.05345555971746575,0.014140625
591,-15.418212890625,-1.147308349609375,337.2557373046875,326.9603576660156,0.05335081335616439,0.013863932291666667
592,-15.8505859375,-1.1426849365234375,337.26983642578125,326.98626708984375,0.053456027932363016,0.014065755208333334
593,-15.792633056640625,-1.164306640625,337.2817077636719,326.9400634765625,0.05339536065924657,0.013951822916666667
594,-15.67724609375,-1.28741455078125,337.2835693359375,326.9521484375,0.05345823523116439,0.014137369791666667
595,-15.3662109375,-1.2440032958984375,337.29571533203125,326.94793701171875,0.05343943974743151,0.014033203125
596,-15.170654296875,-1.143768310546875,337.273193359375,326.9462585449219,0.05349515732020548,0.014108072916666667
597,-15.838241577148438,-1.0985260009765625,337.28741455078125,326.9458312988281,0.05346372003424656,0.014150390625
598,-16.0572509765625,-1.270904541015625,337.29534912109375,326.91668701171875,0.05357107502140412,0.014261067708333333
599,-15.3170166015625,-1.18798828125,337.3058166503906,326.9042053222656,0.05238353345218121,0.014078776041666666
